time,NVTAdj90
2010-08-28,288.4078468153269
2010-09-01,263.32678449549616
2010-09-05,219.54251442589577
2010-09-09,223.52164669698632
2010-09-13,208.1188255784616
2010-09-17,183.05700549963422
2010-09-21,193.64615959180915
2010-09-25,191.80635960669787
2010-09-29,189.85300511703042
2010-10-03,182.5098972529068
2010-10-07,170.44477671893307
2010-10-11,167.61607154882063
2010-10-15,162.6541830640729
2010-10-19,159.34589901523614
2010-10-23,161.45011495877446
2010-10-27,154.50339598822734
2010-10-31,151.0486923451173
2010-11-04,144.33875971955746
2010-11-08,137.0383422081796
2010-11-12,148.4643520574518
2010-11-16,147.21814923447465
2010-11-20,145.38048092396485
2010-11-24,147.2799396071279
2010-11-28,156.71486614925206
2010-12-02,155.86629865198847
2010-12-06,152.34582986619856
2010-12-10,159.3948984116798
2010-12-14,166.35855660516185
2010-12-18,166.92765839887568
2010-12-22,168.09876388430934
2010-12-26,182.62995183391334
2010-12-30,182.99676821223593
2011-01-03,183.23795480514593
2011-01-07,185.78595209813426
2011-01-11,182.82349670188856
2011-01-15,186.49845686736873
2011-01-19,184.61663237905273
2011-01-23,182.56909350113006
2011-01-27,178.07216141070384
2011-01-31,176.81821763008816
2011-02-04,177.03544630275897
2011-02-08,179.13029525896772
2011-02-12,180.37448654331055
2011-02-16,182.40390264130997
2011-02-20,180.7212619415749
2011-02-24,180.21138337994225
2011-02-28,178.7391207555405
2011-03-04,177.56218644322874
2011-03-08,175.7576392260202
2011-03-12,173.78635720327446
2011-03-16,171.8272157997944
2011-03-20,170.51825956355626
2011-03-24,168.5497345455171
2011-03-28,166.90121159679418
2011-04-01,165.86671791600145
2011-04-05,164.584610798159
2011-04-09,163.27853593649155
2011-04-13,161.90978043900557
2011-04-17,159.31203910640662
2011-04-21,157.76911560608195
2011-04-25,156.93175223433633
2011-04-29,154.89778810614968
2011-05-03,153.30473978727733
2011-05-07,151.9239856278239
2011-05-11,150.48289860376315
2011-05-15,148.55040190547638
2011-05-19,147.78303586352217
2011-05-23,146.66749939802688
2011-05-27,144.79144643897365
2011-05-31,143.922088563109
2011-06-04,143.17700158115548
2011-06-08,141.77821097353134
2011-06-12,139.92878308624083
2011-06-16,138.50445171996213
2011-06-20,137.6110153625447
2011-06-24,136.8385524410044
2011-06-28,135.80681791444158
2011-07-02,134.95266249177814
2011-07-06,134.32886980917075
2011-07-10,133.97907026884008
2011-07-14,133.90143144737036
2011-07-18,132.67591672056287
2011-07-22,132.31449214494344
2011-07-26,131.95389743274464
2011-07-30,132.04319970310192
2011-08-03,131.1068620997211
2011-08-07,130.2319270876585
2011-08-11,129.92331959153728
2011-08-29,130.02825079232167
2011-09-02,130.04556739048465
2011-09-06,127.65653314155362
2011-09-10,125.93239078759441
2011-09-14,125.44606476696497
2011-09-18,124.27748365899659
2011-09-22,123.61766610925756
2011-09-26,124.15234116993518
2011-09-30,122.68816280726125
2011-10-04,121.72760002191467
2011-10-08,120.80689879574844
2011-10-12,120.7042982516074
2011-10-16,121.29536516381359
2011-10-20,120.55720772494877
2011-10-24,119.92827315234464
2011-10-28,119.28705269327652
2011-11-01,117.8978918888677
2011-11-05,118.13845133142277
2011-11-09,117.34724083316699
2011-11-13,118.20606814132408
2011-11-17,118.16780260754192
2011-11-21,114.12295736867203
2011-11-25,113.2210571798121
2011-11-29,112.06447435798925
2011-12-03,109.98470982775301
2011-12-07,105.84701653666966
2011-12-11,104.64223079931267
2011-12-15,104.49445345035913
2011-12-19,101.2193390732827
2011-12-23,98.05686304400172
2011-12-27,96.92507662738208
2011-12-31,95.77098101995747
2012-01-04,89.56313559645415
2012-01-08,88.20466731444427
2012-01-12,86.73810323854515
2012-01-16,84.26418981050905
2012-01-20,84.07451853068378
2012-01-24,81.09982387163983
2012-01-28,80.60979963922318
2012-02-01,80.01648492088098
2012-02-05,80.66938121745974
2012-02-09,80.27320494828172
2012-02-13,78.6059470423579
2012-02-17,76.11828084791934
2012-02-21,74.22243555977741
2012-02-25,71.73896810029542
2012-02-29,71.32297256283277
2012-03-04,70.59634913495454
2012-03-08,70.10106917597862
2012-03-12,69.50721400117844
2012-03-16,69.14154638037894
2012-03-20,68.81268981065826
2012-03-24,68.84353084888394
2012-03-28,68.33636801203713
2012-04-01,68.56161668130476
2012-04-05,68.39015034093352
2012-04-09,67.4389771542101
2012-04-13,66.85627866724248
2012-04-17,66.40074098700057
2012-04-21,65.95578580783811
2012-04-25,66.33915224609201
2012-04-29,66.1631097419941
2012-05-03,65.56874950463134
2012-05-07,65.66128372196411
2012-05-11,65.41294219156248
2012-05-15,65.08045389215873
2012-05-19,64.94054127656764
2012-05-23,65.10059583583609
2012-05-27,64.48723526854839
2012-05-31,63.88089361207689
2012-06-04,63.98370056244773
2012-06-08,63.44874815115917
2012-06-12,62.815617901551114
2012-06-16,62.730600171850895
2012-06-20,62.98397103513119
2012-06-24,62.946275536275685
2012-06-28,62.59519779972931
2012-07-02,62.104374729732726
2012-07-06,61.9587210196063
2012-07-10,61.548666383583026
2012-07-14,60.959486642407796
2012-07-18,60.097332234474756
2012-07-22,59.14454493966358
2012-07-26,59.152562703489195
2012-07-30,58.385723339427955
2012-08-03,57.62731512483493
2012-08-07,56.503763230998295
2012-08-11,56.53493955863711
2012-08-15,56.372405914459726
2012-08-19,55.291166415761595
2012-08-23,54.03018424204789
2012-08-27,52.841732724652
2012-08-31,52.23398457861912
2012-09-04,51.63888435616081
2012-09-08,51.07293324678528
2012-09-12,49.95687126625575
2012-09-16,49.3125020048052
2012-09-20,48.424823963623
2012-09-24,47.32887922993594
2012-09-28,46.61659140167723
2012-10-02,45.890835081773446
2012-10-06,45.305751364817844
2012-10-10,44.62436041856412
2012-10-14,44.44309586820323
2012-10-18,44.32502918677018
2012-10-22,44.06853423346498
2012-10-26,43.52123370920554
2012-10-30,42.947570414652766
2012-11-03,43.20166675937773
2012-11-07,42.35560616011644
2012-11-11,43.052228265006185
2012-11-15,43.438862629482095
2012-11-19,43.33795665806452
2012-11-23,43.8894002013375
2012-11-27,44.224101119836895
2012-12-01,44.62213322155866
2012-12-05,44.67033919327548
2012-12-09,44.59786022758591
2012-12-13,44.33420317314377
2012-12-17,44.01860432692021
2012-12-21,43.56841689229358
2012-12-25,43.200965171511015
2012-12-29,43.07830204445532
2013-01-02,42.62511618376006
2013-01-06,42.659103386951784
2013-01-10,42.55177716692578
2013-01-14,42.365501146802174
2013-01-18,42.238861493491044
2013-01-22,41.73421825771947
2013-01-26,41.52633570733068
2013-01-30,41.03165360391065
2013-02-03,40.43033276899112
2013-02-07,40.40769572548651
2013-02-11,40.443842560599485
2013-02-15,40.13380223587395
2013-02-19,40.051487355499994
2013-02-23,39.64745188315734
2013-02-27,39.045752320323565
2013-03-03,39.095688773455734
2013-03-07,38.64014787304763
2013-03-11,38.56248969192865
2013-03-15,38.4761020213976
2013-03-19,38.009653955011586
2013-03-23,37.81867319795449
2013-03-27,37.34014614735316
2013-03-31,37.41263720377948
2013-04-04,37.55800092376311
2013-04-08,37.480659209189774
2013-04-12,37.17136524914362
2013-04-16,36.911268707241355
2013-04-20,37.152386616547105
2013-04-24,37.05971328122214
2013-04-28,37.3926299878891
2013-05-02,37.296682382932026
2013-05-06,37.31895886802484
2013-05-10,37.509742764411364
2013-05-14,37.430352086433984
2013-05-18,37.64729638139279
2013-05-22,37.92512688264655
2013-05-26,39.305385335347424
2013-05-30,39.55881892246189
2013-06-03,39.60859847608676
2013-06-07,39.72924440410912
2013-06-11,40.07817488514789
2013-06-15,40.7280290626541
2013-06-19,41.24700757996808
2013-06-23,41.71878279869444
2013-06-27,42.10986220582255
2013-07-01,41.98325991066663
2013-07-05,41.936705512822165
2013-07-09,41.896360334367955
2013-07-13,41.981321193222136
2013-07-17,41.81928403075313
2013-07-21,42.18946113463286
2013-07-25,42.41085918504852
2013-07-29,42.64548919614891
2013-08-02,42.83134498455935
2013-08-06,42.963667142411516
2013-08-10,43.360327590094315
2013-08-14,43.768817087728934
2013-08-18,44.67195541107431
2013-08-22,45.09525106490285
2013-08-26,45.58402786077106
2013-08-30,45.942546507666
2013-09-03,46.09202836990925
2013-09-07,46.93187806836718
2013-09-11,47.53415342367
2013-09-15,48.544963283678904
2013-09-19,48.77049886597435
2013-09-23,49.11224167579493
2013-09-27,49.56115232792543
2013-10-01,49.37810408230789
2013-10-05,50.146782834370725
2013-10-09,50.229857922086225
2013-10-13,50.667629265949515
2013-10-17,51.130373008894104
2013-10-21,51.47179591126906
2013-10-25,51.57524384213376
2013-10-29,51.49841645331451
2013-11-02,52.218154296445995
2013-11-06,52.10185083574418
2013-11-10,52.24569604614104
2013-11-14,52.36118302233688
2013-11-18,52.281427834492106
2013-11-22,52.152076735066665
2013-11-26,52.19566353663421
2013-11-30,52.506906078056616
2013-12-04,52.72897788973695
2013-12-08,53.29444571662084
2013-12-12,54.02936596361027
2013-12-16,53.78500436397077
2013-12-20,53.6775685575665
2013-12-24,53.563350460802575
2013-12-28,54.7877020751046
2014-01-01,55.409311003998674
2014-01-05,55.70142175173703
2014-01-09,56.62554730029414
2014-01-13,57.50160088696072
2014-01-17,58.685204960155254
2014-01-21,59.260585840953595
2014-01-25,60.465690332485025
2014-01-29,61.89181001570789
2014-02-02,63.6046419898415
2014-02-06,63.96039470690169
2014-02-10,64.45461457068997
2014-02-14,65.15132596648368
2014-02-18,65.80868620538246
2014-02-22,66.8494188126197
2014-02-26,66.82756787973314
2014-03-02,68.31969528100308
2014-03-06,68.84362836422892
2014-03-10,68.729747682044
2014-03-14,68.97992103590344
2014-03-18,69.83748756000625
2014-03-22,71.11955461003373
2014-03-26,71.57038941180126
2014-03-30,72.37281646858568
2014-04-03,72.84356089108893
2014-04-07,74.07122439506126
2014-04-11,74.68988619331397
2014-04-15,75.05763421916835
2014-04-19,76.84488931766691
2014-04-23,76.89611531914342
2014-04-27,78.22783426328168
2014-05-01,79.38908606359709
2014-05-05,80.53992900358824
2014-05-09,81.84630693124211
2014-05-13,82.86184433204264
2014-05-17,84.66946617464679
2014-05-21,84.46812625860721
2014-05-25,84.90085069091694
2014-05-29,86.1795503278659
2014-06-02,86.92041461978283
2014-06-06,87.5160329375592
2014-06-10,87.39937446989822
2014-06-14,88.08721353322348
2014-06-18,88.71940558786804
2014-06-22,90.36761168472428
2014-06-26,91.30227148822327
2014-06-30,92.44972326136644
2014-07-04,94.08336635728743
2014-07-08,95.61573781067942
2014-07-12,97.76890303525003
2014-07-16,98.2895102075958
2014-07-20,100.95840345477642
2014-07-24,101.5187985812758
2014-07-28,102.42655860154962
2014-08-01,102.4822011587706
2014-08-05,102.49858247969453
2014-08-09,103.46164411356816
2014-08-13,103.29476691279159
2014-08-17,103.90411507392348
2014-08-21,104.10679189897245
2014-08-25,104.26313864007203
2014-08-29,104.22686114998076
2014-09-02,104.13964969766076
2014-09-06,104.74563564612895
2014-09-10,104.63203554269779
2014-09-14,105.82678527481106
2014-09-18,105.9622672353066
2014-09-22,106.61743970653693
2014-09-26,107.41517007695136
2014-09-30,107.1288771323161
2014-10-04,107.18144770650288
2014-10-08,107.10748928194646
2014-10-12,107.54917376614934
2014-10-16,108.04676500253328
2014-10-20,108.79239659314258
2014-10-24,109.20396448338052
2014-10-28,109.24855205960202
2014-11-01,109.90605981343192
2014-11-05,110.15207913957856
2014-11-09,111.05108704158556
2014-11-13,110.93396413539924
2014-11-17,111.48757987338045
2014-11-21,112.00428727540562
2014-11-25,112.05100119458189
2014-11-29,112.26189081710024
2014-12-03,112.1707750261797
2014-12-07,112.10423838630255
2014-12-11,112.65284238431946
2014-12-15,112.78428932936247
2014-12-19,113.1231323456108
2014-12-23,112.24892311330753
2014-12-27,111.97428874503112
2014-12-31,112.1394102912263
2015-01-04,111.16388336456815
2015-01-08,110.32493865415964
2015-01-12,109.55904867990238
2015-01-16,109.08987453434905
2015-01-20,108.3515203212385
2015-01-24,107.3544567710806
2015-01-28,105.94129829136068
2015-02-01,106.14433797693144
2015-02-05,105.8632839742178
2015-02-09,105.3665538180272
2015-02-13,104.99473655187084
2015-02-17,104.38495437117489
2015-02-21,104.78988191266964
2015-02-25,103.66872224201717
2015-03-01,103.70924331481375
2015-03-05,103.95573564042296
2015-03-09,103.86429653737191
2015-03-13,103.29236315487873
2015-03-17,102.43720289252384
2015-03-21,102.2558539304126
2015-03-25,101.70665874928282
2015-03-29,101.9774671866792
2015-04-02,101.28124053765681
2015-04-06,101.43639537748186
2015-04-10,100.97255001863724
2015-04-14,99.33941290763066
2015-04-18,99.34883292611796
2015-04-22,98.45219944936206
2015-04-26,97.78845070746569
2015-04-30,96.76023020710547
2015-05-04,95.76476863678752
2015-05-08,94.85248068877958
2015-05-12,93.03522839040262
2015-05-16,92.91963442493837
2015-05-20,92.69788440611723
2015-05-24,92.30040749445783
2015-05-28,91.87895039261035
2015-06-01,91.07475089967502
2015-06-05,90.87756911095558
2015-06-09,90.00183699081748
2015-06-13,89.25712429351809
2015-06-17,87.21458242464935
2015-06-21,86.96158264093917
2015-06-25,86.22479531644852
2015-06-29,84.84910220584311
2015-07-03,83.55292222024632
2015-07-07,81.54334772633916
2015-07-11,80.97488486111457
2015-07-15,78.47810486558727
2015-07-19,78.49775247492218
2015-07-23,77.75033122438731
2015-07-27,77.62635729181306
2015-07-31,77.43324716733113
2015-08-04,76.66432988955002
2015-08-08,76.23403806590657
2015-08-12,75.50718169671627
2015-08-16,75.25840854029151
2015-08-20,74.85734970085782
2015-08-24,74.62665824447524
2015-08-28,74.00224613388106
2015-09-01,72.95426999070392
2015-09-05,72.6535311151869
2015-09-09,71.41903490713389
2015-09-13,71.41868113309987
2015-09-17,70.57388058885991
2015-09-21,69.78600366076931
2015-09-25,69.37854366883741
2015-09-29,69.09244311922001
2015-10-03,69.22477476432803
2015-10-07,68.36806267387263
2015-10-11,68.2858868909594
2015-10-15,67.66530481347068
2015-10-19,67.22983163655151
2015-10-23,66.62821014443082
2015-10-27,65.75701491845952
2015-10-31,65.36000594869567
2015-11-04,64.14979282289073
2015-11-08,64.28149068228942
2015-11-12,63.81245743549115
2015-11-16,63.185510296724864
2015-11-20,62.882551601410086
2015-11-24,62.48238449685641
2015-11-28,62.245192462371634
2015-12-02,61.43224022573789
2015-12-06,60.98252921293624
2015-12-10,60.62769157083772
2015-12-14,60.20252584003193
2015-12-18,59.902686795247206
2015-12-22,59.17904107270212
2015-12-26,58.69776531405204
2015-12-30,58.901101583102246
2016-01-03,59.526564251833186
2016-01-07,59.278538755997985
2016-01-11,59.38073200562885
2016-01-15,59.08107289323715
2016-01-19,58.89017816018574
2016-01-23,58.900570106828106
2016-01-27,58.224606006354364
2016-01-31,58.22745649232751
2016-02-04,58.04728140505998
2016-02-08,57.982944803448106
2016-02-12,57.651211261569976
2016-02-16,56.87847118568812
2016-02-20,56.65067030406049
2016-02-24,55.970624269621034
2016-02-28,55.77344695877082
2016-03-03,55.54286127294744
2016-03-07,55.28569890971982
2016-03-11,54.87672851733132
2016-03-15,54.36067939988226
2016-03-19,54.494188409727535
2016-03-23,53.929655592470674
2016-03-27,53.73839103277535
2016-03-31,53.24198352662229
2016-04-04,53.14584588220727
2016-04-08,53.035246373532914
2016-04-12,52.51762232880391
2016-04-16,52.59845729157013
2016-04-20,52.274534863964114
2016-04-24,52.34128327534358
2016-04-28,52.075439233917244
2016-05-02,51.922506069188266
2016-05-06,51.71883323784918
2016-05-10,50.99710757402976
2016-05-14,50.995977857097046
2016-05-18,50.16030675323013
2016-05-22,50.23189733927421
2016-05-26,50.18212855764838
2016-05-30,49.901112584675076
2016-06-03,49.84012442477028
2016-06-07,49.551916007361314
2016-06-11,49.8180712158723
2016-06-15,49.31477782432721
2016-06-19,49.45650015657795
2016-06-23,49.26067270965024
2016-06-27,49.19191941393911
2016-07-01,49.35211818873392
2016-07-05,49.21804990493497
2016-07-09,49.24938741276506
2016-07-13,48.67165388267993
2016-07-17,48.64172370811055
2016-07-21,48.81052633935834
2016-07-25,48.98029857940843
2016-07-29,49.0566243557085
2016-08-02,48.762333655166174
2016-08-06,49.0979665161816
2016-08-10,49.04048355880962
2016-08-14,49.45166432224783
2016-08-18,49.85285876919008
2016-08-22,50.10609157483795
2016-08-26,50.42707642204423
2016-08-30,50.20151552420437
2016-09-03,50.74901226533503
2016-09-07,50.72171568764916
2016-09-11,51.19357138736879
2016-09-15,51.63223946725147
2016-09-19,51.89408656338087
2016-09-23,52.17499557464694
2016-09-27,52.012637002238435
2016-10-01,52.6158656050914
2016-10-05,52.404137470344075
2016-10-09,52.86298306207698
2016-10-13,53.084618075464064
2016-10-17,53.27092409346062
2016-10-21,53.59328841575074
2016-10-25,53.85207174153233
2016-10-29,54.45418373844008
2016-11-02,54.73696427237049
2016-11-06,55.533199837625105
2016-11-10,55.861432424261196
2016-11-14,56.206170231785464
2016-11-18,56.35952007787766
2016-11-22,56.454785228841686
2016-11-26,56.85641663101316
2016-11-30,57.19182219751344
2016-12-04,58.15841377140834
2016-12-08,58.401190738613614
2016-12-12,58.654685811366306
2016-12-16,58.924914939847504
2016-12-20,59.11645007227583
2016-12-24,59.21287343961457
2016-12-28,58.68121126311015
2017-01-01,59.27571785818906
2017-01-05,58.9977786689754
2017-01-09,59.185430923452664
2017-01-13,59.122546092644136
2017-01-17,58.99454501656897
2017-01-21,59.40578071097486
2017-01-25,59.41242556322385
2017-01-29,60.18933194502171
2017-02-02,60.45349870888454
2017-02-06,60.773734508851824
2017-02-10,60.99388077475875
2017-02-14,61.31756760491812
2017-02-18,61.94538166231615
2017-02-22,62.489752339390485
2017-02-26,63.24129427830113
2017-03-02,63.284319108387464
2017-03-06,63.57306972439989
2017-03-10,63.63582637211365
2017-03-14,63.4790097472048
2017-03-18,63.35795431086875
2017-03-22,63.26229476531578
2017-03-26,63.497245543706406
2017-03-30,63.51095595474341
2017-04-03,63.5725174894023
2017-04-07,63.62880415626313
2017-04-11,63.403447008477734
2017-04-15,63.62362990140517
2017-04-19,63.571279956906864
2017-04-23,64.16619966517011
2017-04-27,64.19490251057009
2017-05-01,64.2468581184038
2017-05-05,64.18198033217003
2017-05-09,63.83487672559815
2017-05-13,64.0981824764286
2017-05-17,63.55584017614201
2017-05-21,63.76186995797977
2017-05-25,63.6979229917214
2017-05-29,63.81231347509256
2017-06-02,63.92235121109261
2017-06-06,63.86155612603458
2017-06-10,64.0971075358429
2017-06-14,63.77373139793585
2017-06-18,64.24958935607246
2017-06-22,64.3857865762135
2017-06-26,64.4081123425983
2017-06-30,64.42100720123578
2017-07-04,64.45762420137501
2017-07-08,64.67622959412772
2017-07-12,64.7118495569867
2017-07-16,64.6319930139913
2017-07-20,64.58324428829154
2017-07-24,64.72690098258083
2017-07-28,64.81877922850664
2017-08-01,64.2654708501759
2017-08-05,64.27835064748056
2017-08-09,64.18413157465876
2017-08-13,64.27337209061095
2017-08-17,64.14038381065576
2017-08-21,64.23286873223904
2017-08-25,64.61953320244136
2017-08-29,64.34781725463742
2017-09-02,64.4763705555518
2017-09-06,64.09340404178838
2017-09-10,64.144720164296
2017-09-14,63.93797656823428
2017-09-18,64.13796508536439
2017-09-22,64.33150339847447
2017-09-26,64.20092021959404
2017-09-30,64.69154974377389
2017-10-04,65.05122654815969
2017-10-08,65.65551917336286
2017-10-12,65.88589802949751
2017-10-16,66.09815908530643
2017-10-20,66.4568116060809
2017-10-24,66.16159537803851
2017-10-28,67.01458494315283
2017-11-01,66.55530366464285
2017-11-05,66.8947470093744
2017-11-09,66.7031387690677
2017-11-13,66.60583442588054
2017-11-17,66.50783597623494
2017-11-21,66.36140014253002
2017-11-25,66.42762047550103
2017-11-29,65.49123713098507
2017-12-03,65.91529177022443
2017-12-07,65.86395258114997
2017-12-11,66.01563560887934
2017-12-15,66.21136940249993
2017-12-19,66.26779771648086
2017-12-23,66.9029694867318
2017-12-27,66.43491512425611
2017-12-31,66.9472420498632
2018-01-04,67.06405828515693
2018-01-08,67.14539170038982
2018-01-12,67.39362190733351
2018-01-16,67.2572291153752
2018-01-20,67.576081856203
2018-01-24,67.3757693000658
2018-01-28,67.64117900427657
2018-02-01,67.44963644095445
2018-02-05,67.48830066635574
2018-02-09,67.70912801348624
2018-02-13,67.91121371153984
2018-02-17,69.39853114141263
2018-02-21,69.57352192895807
2018-02-25,71.4974573411228
2018-03-01,71.72524082984255
2018-03-05,72.50218157011997
2018-03-09,72.80015567174016
2018-03-13,73.56374595414798
2018-03-17,75.17147272342037
2018-03-21,76.03012255225147
2018-03-25,77.25107159103904
2018-03-29,77.8674144717283
2018-04-02,79.0685361831038
2018-04-06,80.1691793565585
2018-04-10,80.97748089390069
2018-04-14,83.18239910799838
2018-04-18,83.97825520625169
2018-04-22,85.83182115718633
2018-04-26,86.53938214431413
2018-04-30,87.7479268574896
2018-05-04,88.62485113614872
2018-05-08,89.20312719642223
2018-05-12,90.61137844641692
2018-05-16,91.09228856494965
2018-05-20,93.96210162257867
2018-05-24,94.67015947378006
2018-05-28,95.35427223343132
2018-06-01,96.42339924986759
2018-06-05,97.56079716752207
2018-06-09,99.81699261781539
2018-06-13,100.1047591214316
2018-06-17,102.22841444542121
2018-06-21,103.37266504754193
2018-06-25,104.53062764100974
2018-06-29,105.50752783020452
2018-07-03,106.08178708560068
2018-07-07,108.76786367406154
2018-07-11,109.73438281804346
2018-07-15,112.342679110766
2018-07-19,112.88901894129461
2018-07-23,114.07142075926137
2018-07-27,115.47319639184968
2018-07-31,116.47721244964654
2018-08-04,118.51229532357152
2018-08-08,119.24704738009274
2018-08-12,122.28443755068032
2018-08-16,123.13838291642303
2018-08-20,123.947276339788
2018-08-24,125.1293513611116
2018-08-28,125.62524656877079
2018-09-01,127.58437293684051
2018-09-05,128.0389851611827
2018-09-09,130.00536130299074
2018-09-13,130.07480674969526
2018-09-17,131.24564216948332
2018-09-21,131.644496479249
2018-09-25,131.87052427527573
2018-09-29,133.32841307936798
2018-10-03,133.75717099527157
2018-10-07,137.87145279877194
2018-10-11,138.28165623925685
2018-10-15,138.1498305179138
2018-10-19,139.15452425932602
2018-10-23,139.1985103243429
2018-10-27,141.80123043844023
2018-10-31,142.30040650975525
2018-11-04,144.09780881190625
2018-11-08,145.11296267526038
2018-11-12,146.23129649977136
2018-11-16,146.64191998122425
2018-11-20,146.501077236374
2018-11-24,147.92171156968647
2018-11-28,147.92103657394003
2018-12-02,149.59683223586242
2018-12-06,149.33873620462072
2018-12-10,149.8117060278115
2018-12-14,150.15380788252048
2018-12-18,149.97595016110668
2018-12-22,151.90393409920267
2018-12-26,152.8233826892588
2018-12-30,154.88973582201444
2019-01-03,155.46158148024202
2019-01-07,155.9044794574647
2019-01-11,155.90478784473714
2019-01-15,155.53190194522847
2019-01-19,156.81585469000552
2019-01-23,156.98107404198578
2019-01-27,159.41248055088025
2019-01-31,159.90994737321108
2019-02-04,160.79333468208995
2019-02-08,160.80501769782379
2019-02-12,159.8095749429549
2019-02-16,160.48944814641047
2019-02-20,159.13963318214823
2019-02-24,159.80109793241698
2019-02-28,159.2139998906301
2019-03-04,159.68349172388483
2019-03-08,159.68479400279645
2019-03-12,158.78450904750918
2019-03-16,159.34776674103753
2019-03-20,158.7989106546414
2019-03-24,160.29577234682048
2019-03-28,159.82723613178612
2019-04-01,159.3621223977719
2019-04-05,158.87744687720073
2019-04-09,157.1165457735461
2019-04-13,157.60264038613101
2019-04-17,156.28158412516294
2019-04-21,157.8721407850549
2019-04-25,157.4119589000029
2019-04-29,157.26578588608993
2019-05-03,157.22672120271986
2019-05-07,156.5706044516911
2019-05-11,157.02305587728688
2019-05-15,154.84667293473245
2019-05-19,155.4913345754416
2019-05-23,155.4998371895425
2019-05-27,155.15940155485498
2019-05-31,154.0306670939435
2019-06-04,151.91542464980776
2019-06-08,153.68009668031638
2019-06-12,152.22854508664201
2019-06-16,152.17058899457993
2019-06-20,152.01509093466404
2019-06-24,151.43890128653308
2019-06-28,150.9544551491635
2019-07-02,148.66342539309116
2019-07-06,150.40470192981815
2019-07-10,147.76547204872932
2019-07-14,148.6450757395313
2019-07-18,148.6237086332758
2019-07-22,148.85039001064226
2019-07-26,149.2022130674658
2019-07-30,147.89365801840543
2019-08-03,150.39206693415812
2019-08-07,148.32867461454407
2019-08-11,150.54224011231582
2019-08-15,149.9882619317723
2019-08-19,150.16113992353945
2019-08-23,149.7434732238594
2019-08-27,148.70747609260312
2019-08-31,150.8910566728144
2019-09-04,149.8838497240701
2019-09-08,151.7087977291158
2019-09-12,150.7559356720561
2019-09-16,150.78397603516254
2019-09-20,150.49481916570127
2019-09-24,148.31150057410014
2019-09-28,149.45210217369697
2019-10-02,146.6252270747375
2019-10-06,148.87214435978402
2019-10-10,149.60447708116322
2019-10-14,149.10668019209302
2019-10-18,148.9323306780133
2019-10-22,147.29355701831298
2019-10-26,147.25424990277787
2019-10-30,146.86946798271495
2019-11-03,147.60038701588226
2019-11-07,147.2877126796429
2019-11-11,148.73684188963773
2019-11-15,149.58758170424957
2019-11-19,149.50758020658859
2019-11-23,149.77666936242514
2019-11-27,148.4990021016642
2019-12-01,151.65513138809615
2019-12-05,152.1946505322723
2019-12-09,152.51027466239026
2019-12-13,153.12185763374723
2019-12-17,151.3761105693937
2019-12-21,152.59752370046513
2019-12-25,151.4983357055233
2019-12-29,154.15142081625123
2020-01-02,154.92741792822576
2020-01-06,155.90375011753582
2020-01-10,156.63670612954925
2020-01-14,154.94002777473042
2020-01-18,156.26336661194864
2020-01-22,154.57881500173468
2020-01-26,158.03883031622144
2020-01-30,157.28700682899998
2020-02-03,156.54894992130278
2020-02-07,156.23380447554095
2020-02-11,155.21521242640037
2020-02-15,155.9231546354583
2020-02-19,155.28294318551391
2020-02-23,157.2326370076465
2020-02-27,156.69706494337996
2020-03-02,156.96317839658445
2020-03-06,156.94389700695106
2020-03-10,155.76001448613863
2020-03-14,155.4392817348316
2020-03-18,153.7554729723235
2020-03-22,154.1732380816402
2020-03-26,154.30450288531085
2020-03-30,154.43807806096396
2020-04-03,154.6558399535434
2020-04-07,153.25897511352454
2020-04-11,155.10994302567897
2020-04-15,153.5663291801345
2020-04-19,155.5276696654659
2020-04-23,155.57238352066238
2020-04-27,155.55058167999124
2020-05-01,155.36430722328626
2020-05-05,155.32979527453742
2020-05-09,155.35037375948232
2020-05-13,154.30137094766923
2020-05-17,156.55204007727778
2020-05-21,156.24888319944935
2020-05-25,156.22359575911682
2020-05-29,156.70772325794653
2020-06-02,154.51774932178577
2020-06-06,156.55545488542054
2020-06-10,156.54509763334838
2020-06-14,159.12452155246766
2020-06-18,159.50063990764156
2020-06-22,160.02667667142595
2020-06-26,159.79832255475543
2020-06-30,158.27516185136028
2020-07-04,160.63877386206173
2020-07-08,159.54683791021668
2020-07-12,161.94776531318627
2020-07-16,161.43400389356432
2020-07-20,161.24945742101986
2020-07-24,161.0013103234515
2020-07-28,157.80195070619232
2020-08-01,158.1335190010434
2020-08-05,155.90712006591977
2020-08-09,157.52798843135812
2020-08-13,156.83029695923562
2020-08-17,157.09333124406362
2020-08-21,157.09188863465832
2020-08-25,155.0139920267772
2020-08-29,155.98156265661572
2020-09-02,154.27101233037325
2020-09-06,155.3606784849429
2020-09-10,155.42404265250786
2020-09-14,155.6012888237137
2020-09-18,156.21211571463576
2020-09-22,154.72452340849583
2020-09-26,155.288628304354
2020-09-30,153.12470142411146
2020-10-04,154.9658048271508
2020-10-08,155.42541695348788
2020-10-12,155.4672620495221
2020-10-16,155.19954457829502
2020-10-20,155.20807111942182
2020-10-24,155.88529614082006
2020-10-28,154.6427379300029
2020-11-01,155.71469964974807
2020-11-05,153.9089968148251
2020-11-09,153.64985259242798
2020-11-13,153.15266201091097
2020-11-17,153.04436135572976
2020-11-21,153.7506079046773
2020-11-25,151.19735264998428
2020-11-29,152.17579770260335
2020-12-03,152.14027804709565
2020-12-07,152.42108576899034
2020-12-11,152.91766124958195
2020-12-15,151.23833176299482
2020-12-19,151.33981982228644
2020-12-23,148.18303913793886
2020-12-27,147.31762978449473
2020-12-31,146.75353936519315
2021-01-04,146.34857945176097
2021-01-08,146.68749694739734
2021-01-12,145.0296966147198
2021-01-16,146.5450603342509
2021-01-20,143.3714172561961
2021-01-24,145.63102629777126
2021-01-28,146.48535697868903
2021-02-01,146.9004226733421
2021-02-05,147.27754450218575
2021-02-09,146.35827555202397
2021-02-13,147.97794918134863
2021-02-17,146.63417227155088
2021-02-21,147.27450790175254
2021-02-25,147.0209010991328
2021-03-01,147.6037832906736
2021-03-05,147.8058066722071
2021-03-09,148.47312221466655
2021-03-13,149.49740251122012
2021-03-17,149.72149939552523
2021-03-21,151.58456193056054
2021-03-25,151.78378477852223
2021-03-29,152.21320492263578
2021-04-02,153.14373634007953
2021-04-06,151.20812027758757
2021-04-10,151.90315216932586
2021-04-14,150.10232113722313
2021-04-18,149.9039670797259
2021-04-22,149.89768455771156
2021-04-26,150.58771540783204
2021-04-30,150.49755985235652
2021-05-04,150.9139216337508
2021-05-08,152.52133466082267
2021-05-12,149.77161570541784
2021-05-16,150.4292869055493
2021-05-20,150.37004751843315
2021-05-24,150.31849006774777
2021-05-28,150.953288979636
2021-06-01,148.94221112125462
2021-06-05,150.59745736823496
2021-06-09,148.3500545970725
2021-06-13,152.00002506352942
2021-06-17,152.8421722193252
2021-06-21,153.28639058939913
2021-06-25,152.85966373651715
2021-06-29,152.00533785149494
2021-07-03,155.50515621643655
2021-07-07,154.48037847690242
2021-07-11,158.24821778318946
2021-07-15,158.33467384725202
2021-07-19,159.24959303121372
2021-07-23,161.19549935154217
2021-07-27,160.42068802757532
2021-07-31,163.21117688857365
2021-08-04,162.3157529034697
2021-08-08,164.10399038111927
2021-08-12,165.5688552218592
2021-08-16,166.22323284339112
2021-08-20,166.5492644816607
2021-08-24,166.4355672927121
2021-08-28,170.9034996716694
2021-09-01,170.53657774300817
2021-09-05,174.54683413928402
2021-09-09,175.02046245094672
2021-09-13,176.0095289378256
2021-09-17,177.65439203349837
2021-09-21,177.09492272685566
2021-09-25,181.64161398354364
2021-09-29,181.06478108533312
2021-10-03,184.68878001259202
2021-10-07,184.7195781709021
2021-10-11,185.71077494329455
2021-10-15,185.81504069447672
2021-10-19,184.92577983608987
2021-10-23,188.49348995976635
2021-10-27,188.11029470176294
2021-10-31,191.6726040546864
2021-11-04,193.18982822468502
2021-11-08,193.72297836255686
2021-11-12,194.68957996227243
2021-11-16,194.18983345869788
2021-11-20,197.45568277070123
2021-11-24,196.7874182236724
2021-11-28,201.72751418484393
2021-12-02,201.39298245467074
2021-12-06,201.51584252685853
2021-12-10,202.36946614823302
2021-12-15,203.37301149733156
2021-12-19,210.8806015738185
2021-12-25,211.69164451472915
2021-12-29,212.1902841032344
2022-01-02,218.16921408066972
2022-01-06,218.72746964456633
2022-01-10,219.83289984637946
2022-01-14,219.1711947906248
2022-01-18,220.3040972294395
2022-01-22,218.31747615517727
2022-01-26,218.56850293996504
2022-01-30,218.2915170146225
2022-02-03,219.05672772860262
2022-02-07,219.88426250721326
2022-02-11,218.6401144220811
2022-02-15,218.80724723156442
2022-02-19,222.49391509303456
2022-02-23,223.88064404210473
2022-02-27,226.43333519054184
2022-03-03,227.2125348882608
2022-03-07,227.41297304364238
2022-03-11,226.93600216235563
2022-03-15,227.38537912079292
2022-03-19,228.11981237213735
2022-03-23,228.96521439665878
2022-03-27,229.5762658759491
2022-03-31,228.93776973704382
2022-04-04,229.8784728645229
2022-04-08,230.6204958733366
2022-04-12,231.62752382519417
2022-04-16,235.44764875562868
2022-04-20,235.8029235914293
2022-04-24,238.9909710966735
2022-04-28,239.27059573315654
2022-05-02,239.5536088447605
2022-05-06,238.0918308656977
2022-05-10,237.86994127004735
2022-05-14,237.61180941153046
2022-05-18,238.2071868612163
2022-05-22,240.88273059951518
2022-05-26,241.060097823363
2022-05-30,241.5375833583692
2022-06-03,239.65376347770507
2022-06-07,239.28907569492608
2022-06-11,236.25613648020138
2022-06-15,234.44950856322532
2022-06-19,234.47487216332834
2022-06-23,234.4109729982294
2022-06-27,233.0924422749361
2022-07-01,229.27400941967014
2022-07-05,228.27117933535823
2022-07-09,225.0915746354023
2022-07-13,225.02217602489117
2022-07-17,225.19236006179648
2022-07-21,223.17659352346507
2022-07-25,224.1032859972531
2022-07-29,221.20874542290315
2022-08-02,221.20941639789982
2022-08-06,223.67178322181778
2022-08-10,222.39080697461839
2022-08-14,225.43314588483977
2022-08-18,225.66510953620704
2022-08-22,225.17461088797597
2022-08-26,221.49840140528897
2022-08-30,220.99667766176265
2022-09-03,220.3674638275182
2022-09-07,220.17399309653362
2022-09-11,222.42942429953763
2022-09-15,221.45334331033612
2022-09-19,220.63424973092802
2022-09-23,216.35059972582002
2022-09-27,214.75105984061662
2022-10-01,213.33403337951216
2022-10-05,213.27911397595216
2022-10-09,216.85070472620663
2022-10-13,216.98306312334944
2022-10-17,217.26497891063175
2022-10-21,215.2366653630932
2022-10-25,215.3498043852331
2022-10-29,214.39978171672365
2022-11-02,213.52749141199726
2022-11-06,214.70554045964963
2022-11-10,213.25675237044035
2022-11-14,212.9141111260546
2022-11-18,209.12450614908906
2022-11-22,208.32863977097577
2022-11-26,204.83307890648373
2022-11-30,205.01260621172923
2022-12-04,208.13234851047375
2022-12-08,207.89298573167653
2022-12-12,207.19130240422004
2022-12-16,200.5145678203889
2022-12-20,200.3005899902088
2022-12-24,202.2439251914064
2022-12-28,197.22528132124017
2023-01-01,199.41229669842292
2023-01-05,199.06315724279997
2023-01-09,198.8990078949773
2023-01-13,198.05119403230884
2023-01-17,198.34147101689516
2023-01-21,198.69434428743406
2023-01-25,199.11264322476995
2023-01-29,202.12889122868756
2023-02-02,202.5544958293697
2023-02-06,203.70896176628779
2023-02-10,203.78720265008988
2023-02-14,200.44528519751162
2023-02-18,201.67494965140185
2023-02-22,199.41194011544627
2023-02-26,203.54369510585187
2023-03-02,204.19551633194314
2023-03-06,204.85276598610645
2023-03-10,203.88644412342984
2023-03-14,200.91984344391133
2023-03-18,201.24453345948524
2023-03-22,200.26227786724687
2023-03-26,205.13900610386867
2023-03-30,204.2456598160366
2023-04-03,203.93682370039997
2023-04-07,205.1703945800633
2023-04-11,201.53663527267037
2023-04-15,204.3735061729529
2023-04-19,201.78807678712684
2023-04-23,205.24369784246875
2023-04-27,205.80766863072523
2023-05-01,206.97363893241058
2023-05-05,208.9105452960768
2023-05-09,210.10537977642264
2023-05-13,214.63481364543003
2023-05-17,213.23690347869103
2023-05-21,218.98671483796858
2023-05-25,218.79346105457685
2023-05-29,219.64817968035487
2023-06-02,219.98906946788776
2023-06-06,219.662609087478
2023-06-10,221.6052374664408
2023-06-14,221.83569681387098
2023-06-18,223.29851921396664
2023-06-22,223.79216478850847
2023-06-26,224.74650050552486
2023-06-30,224.07404569214782
2023-07-04,224.16284332339035
2023-07-08,226.14293714011822
2023-07-12,225.50802467249108
2023-07-17,226.74269340045967
2023-07-21,226.63732430554515
2023-07-25,227.41021710328917
2023-07-29,229.34217565338457
2023-08-02,225.49932981748825
2023-08-06,229.2049627517437
2023-08-10,225.95075002248026
2023-08-14,225.8353938103201
2023-08-18,225.34907184095508
2023-08-22,225.44859958004244
2023-08-26,229.32495583661662
2023-08-30,226.193950971105
2023-09-03,229.9217066862719
2023-09-07,228.10125344458723
2023-09-11,228.43841693320152
2023-09-15,229.24191204094953
2023-09-19,229.86615062256348
2023-09-23,232.3287932044747
2023-09-27,230.8851871635042
2023-10-01,233.84668800360038
2023-10-05,230.20551094322838
2023-10-09,231.2580949461755
2023-10-13,231.62169771203358
2023-10-17,230.43783526173686
2023-10-21,232.09189023857047
2023-10-25,230.23839252487988
2023-10-29,232.7821181725715
2023-11-02,231.51278341271495
2023-11-06,232.96808428547484
2023-11-10,233.56418684039855
2023-11-15,235.01162554994465
2023-11-19,239.0432243709811
2023-11-23,238.27520496875428
2023-11-27,238.0137661444318
2023-12-01,235.0200742768557
2023-12-05,234.4059236548796
2023-12-09,235.3578683637707
2023-12-13,236.2383526735943
2023-12-17,238.42094841992366
2023-12-21,237.13038657302252
2023-12-25,238.7816912651143
2023-12-29,236.29656979537427
2024-01-02,236.07810340460907
2024-01-06,236.71531088212734
2024-01-10,236.17845845271535
2024-01-14,237.85774349740169
2024-01-18,236.83550132267496
2024-01-22,236.0984558863414
2024-01-26,231.9735944055169
2024-01-30,230.73015963387036
2024-02-03,232.90615000477862
2024-02-07,232.91530338296414
2024-02-11,234.11155992869644
2024-02-15,231.46459087176575
2024-02-19,231.76548718926435
2024-02-23,227.0786824595504
2024-02-27,225.67708198538784
2024-03-02,227.3397017048584
2024-03-06,226.6951659470046
2024-03-10,228.28016059669875
2024-03-14,226.63201634119662
2024-03-18,226.43559998978571
2024-03-22,221.4315956046836
2024-03-26,221.3170368577447
2024-03-30,221.9590984607921
2024-04-03,219.5923295198866
2024-04-07,221.4455723694851
2024-04-11,218.77510420378118
2024-04-15,217.7685018708535
2024-04-19,214.01245732183455
2024-04-23,213.71427744631467
2024-04-27,215.63420660753982
2024-05-01,214.55916767432646
2024-05-05,220.64053452695438
2024-05-09,217.7775333626035
2024-05-13,217.77508999392728
2024-05-17,212.36074423912623
2024-05-21,212.06136254741375
2024-05-25,217.2505322345457
2024-05-29,217.67565616353136
2024-06-02,224.83022194377594
2024-06-06,224.45420359042134
2024-06-10,224.95996931926558
2024-06-14,223.9108357414859
2024-06-18,224.21958882597076
2024-06-22,224.9502098733774
2024-06-26,225.73494164268934
2024-07-01,225.48354732915828
2024-07-05,222.43728217817804
2024-07-09,222.35491999935246
2024-07-13,225.07846537550301
2024-07-17,224.96457854950415
2024-07-21,228.5226307754999
2024-07-25,226.39477912487297
2024-07-29,226.0512456995136
2024-08-02,222.30200174544683
2024-08-06,222.10548764124098
2024-08-10,223.66135989770459
2024-08-14,224.07878241558575
2024-08-18,229.07728772648167
2024-08-22,226.1281935702906
2024-08-26,226.73698999124963
2024-08-30,223.16088379687864
2024-09-03,222.68210632887272
2024-09-07,228.1515922730359
2024-09-11,228.4683796871671
2024-09-15,234.49593288474563
2024-09-19,232.431092370012
2024-09-23,232.22014376087108
2024-09-27,229.40722427699862
2024-10-01,228.78015713873688
2024-10-05,230.99764146164134
2024-10-09,230.57518971823876
2024-10-13,237.7621689845205
2024-10-17,235.69154056761982
2024-10-21,236.0157810483893
2024-10-25,233.45215030643706
2024-10-29,232.87437212187157
2024-11-02,237.274542789747
2024-11-06,236.8166411327174
2024-11-10,236.8208221223166
2024-11-14,232.27433461199405
2024-11-19,231.26703834269048
2024-11-23,231.70829144768322
2024-11-27,231.86150786173113
2024-12-01,235.71199280110207
2024-12-05,233.6372488611061
2024-12-09,232.44524914686605
2024-12-13,229.77016559678546
2024-12-17,229.01080992303764
2024-12-21,228.62722370577737
2024-12-25,231.40813000683036
2024-12-29,233.85663400370092
2025-01-02,234.62411672589562
2025-01-06,235.53236512099224
2025-01-10,234.69700280798395
2025-01-14,236.23357675625792
2025-01-18,239.57931126372378
2025-01-22,240.3273411341779
2025-01-26,247.56257916069833
2025-01-30,245.9425165759766
2025-02-03,245.53341222017917
2025-02-07,244.91269461068816
2025-02-11,245.95133472064566
2025-02-15,251.19270284923994
2025-02-19,252.45781979047896
2025-02-23,256.53453502186755
2025-02-27,254.0904678900868
2025-03-03,254.8106459520185
2025-03-07,254.0844193259922
2025-03-11,254.85957568169377
2025-03-15,262.79956991504025
2025-03-19,264.29378846993643
2025-03-23,273.8675406524263
2025-03-27,273.3151499536579
2025-03-31,273.9141307192638
2025-04-04,272.99104662536854
2025-04-08,273.3363050243784
2025-04-12,278.01444064920435
2025-04-16,278.5953337334782
2025-04-20,285.00512232465377
2025-04-24,282.2146427631366
2025-04-28,282.5751264635373
2025-05-02,275.94744877749935
2025-05-06,275.18331711813494
2025-05-10,279.13180828292576
2025-05-14,279.7499113377524
2025-05-18,283.8295249871705
2025-05-22,277.8421539185238
2025-05-26,278.1460386953119
2025-05-30,270.9957719659323
2025-06-03,270.9832841858261
2025-06-07,275.1779658037633
2025-06-11,276.06468519713576
2025-06-15,281.69794448828554
2025-06-19,283.5121272320511
2025-06-23,283.89278988995153
2025-06-28,289.100244578185
2025-07-02,290.8207445604348
2025-07-06,297.6624870972246
2025-07-10,295.16216900458335
2025-07-14,294.27750016647684
2025-07-18,289.83990762960946
2025-07-22,289.8816894977554
2025-07-26,293.65492391207596
2025-07-30,294.7592516001223
2025-08-03,299.6875369577605
2025-08-07,299.09956048263615
2025-08-11,299.4938972042892
2025-08-15,294.3437243823147
2025-08-19,293.7805411551095
2025-08-23,294.6642393382168
2025-08-27,295.28132429094836
2025-08-31,298.35877519989623
2025-09-04,292.82421508012106
2025-09-08,293.54102064174145
2025-09-12,287.065145186008
2025-09-16,287.73550086277595
2025-09-20,289.68748900413925
2025-09-24,290.2741865916131
2025-09-28,294.1136937529406
2025-10-02,290.56770709554155
2025-10-06,290.2251029051658
2025-10-10,283.2341147179811
2025-10-14,282.8222208780937
2025-10-18,285.59452223402127
2025-10-22,285.3756825045389
2025-10-26,287.9520451895743
2025-10-30,283.0589960114277
2025-11-03,283.7099447000853
2025-11-07,282.7709264497216
2025-11-11,284.0625605029217
2025-11-15,286.6816296887774
2025-11-19,285.93484421086544
2025-11-23,285.32652328082906
2025-11-27,282.42059417878164
2025-12-01,282.89086590023686
2025-12-05,283.5486976231364
2025-12-09,284.40945179950126
2025-12-13,287.93592848115213
2025-12-17,286.3607872577362
2025-12-21,290.16267301184314
2025-12-25,292.6281515194334
2025-12-29,290.2149311262796
2026-01-02,290.3426368460727
2026-01-06,289.6756532667248
2026-01-10,289.6385327723681
2026-01-14,287.02381172797845
2026-01-18,294.2308441015557
2026-01-22,287.97456870397133
2026-01-26,287.40379806765475
2026-01-30,287.418600495969
2026-02-03,286.23904936725637
2026-02-07,286.5209411048488
2026-02-11,280.68882586569066
2026-02-15,285.9195559048384
2026-02-19,283.48739578626004
2026-02-23,284.4497881304933
2026-02-27,285.5174993279286
2026-03-03,285.5128593011672
2026-03-07,291.1466119821106
2026-03-11,283.9119661110212
2026-03-15,285.8945218488722
2026-03-19,278.0479428937989
2026-03-23,277.96842755968976
2026-03-27,277.81851339452965
2026-03-31,277.7865154618735
2026-04-04,286.01849760561595
2026-04-08,282.803721561381
2026-04-12,290.723919307927
2026-04-16,284.76164205314916
2026-04-20,284.7831479593183
2026-04-24,284.56183156486884
2026-04-28,284.968265429276
2026-05-02,291.1103198374609
2026-05-06,287.1164086510476
2026-05-10,295.6540080832796
2026-05-14,292.5580944455772
2026-05-18,293.33309176968856
2026-05-22,293.6435830968962
