time,BlkSizeMeanByte
2009-01-17,215.853211009174
2009-01-21,230.45631067961202
2009-01-25,217.0
2009-01-29,227.25619834710702
2009-02-02,217.09375
2009-02-06,215.836065573771
2009-02-10,215.666666666667
2009-02-14,215.78676470588198
2009-02-18,215.94067796610202
2009-02-22,228.545454545455
2009-02-26,215.96261682243002
2009-03-02,215.962962962963
2009-03-06,215.92307692307702
2009-03-10,215.971962616822
2009-03-14,215.790909090909
2009-03-18,230.71052631578902
2009-03-22,227.228813559322
2009-03-26,243.606837606838
2009-03-30,215.85
2009-04-03,215.94827586206898
2009-04-07,215.99
2009-04-11,223.333333333333
2009-04-15,215.743362831859
2009-04-19,224.0
2009-04-23,215.68
2009-04-27,215.894230769231
2009-05-01,215.876033057851
2009-05-05,224.666666666667
2009-05-09,215.493506493506
2009-05-13,225.774774774775
2009-05-17,215.96062992126
2009-05-21,215.963414634146
2009-05-25,215.95412844036701
2009-05-29,280.83962264151
2009-06-02,215.909090909091
2009-06-06,215.296296296296
2009-06-10,215.92682926829198
2009-06-14,215.694444444444
2009-06-18,215.8125
2009-06-22,306.381578947368
2009-06-26,215.60000000000002
2009-06-30,221.047058823529
2009-07-04,215.876404494382
2009-07-08,215.986486486486
2009-07-12,215.792207792208
2009-07-16,215.859154929577
2009-07-20,414.7
2009-07-24,215.931506849315
2009-07-28,215.707317073171
2009-08-01,215.82142857142898
2009-08-05,215.72413793103402
2009-08-09,216.0
2009-08-13,215.76470588235298
2009-08-17,215.82352941176498
2009-08-21,215.0
2009-08-25,215.666666666666
2009-08-29,215.807692307692
2009-09-02,215.846153846154
2009-09-06,215.85294117647
2009-09-10,215.805970149253
2009-09-14,215.851351351351
2009-09-18,215.807692307692
2009-09-22,392.730769230769
2009-09-26,215.46
2009-09-30,215.76470588235298
2009-10-04,215.679245283019
2009-10-08,215.471428571428
2009-10-12,364.37931034482796
2009-10-16,372.516666666667
2009-10-20,338.0
2009-10-24,230.193548387097
2009-10-28,215.671641791045
2009-11-01,215.28
2009-11-05,215.46551724137902
2009-11-09,215.6875
2009-11-13,238.45
2009-11-17,215.663043478261
2009-11-21,215.71232876712298
2009-11-25,215.644444444444
2009-11-29,215.68333333333302
2009-12-03,215.784090909091
2009-12-07,215.642857142857
2009-12-11,215.34821428571402
2009-12-15,226.945454545455
2009-12-19,216.71717171717202
2009-12-23,215.67532467532502
2009-12-27,219.79640718562902
2009-12-31,215.695652173913
2010-01-04,269.04419889502805
2010-01-08,215.758169934641
2010-01-12,372.012578616352
2010-01-16,222.28
2010-01-20,215.449367088608
2010-01-24,216.70129870129898
2010-01-28,229.564971751413
2010-02-01,233.91847826087002
2010-02-05,342.730941704035
2010-02-09,446.835748792271
2010-02-13,258.73275862069
2010-02-17,234.020920502092
2010-02-21,281.22869955157
2010-02-25,322.883116883117
2010-03-01,235.35897435897502
2010-03-05,217.988304093567
2010-03-09,279.438356164384
2010-03-13,242.718954248366
2010-03-17,238.16911764705898
2010-03-21,223.371584699454
2010-03-25,430.716577540107
2010-03-29,258.548717948718
2010-04-02,231.730769230769
2010-04-06,296.27672955974896
2010-04-10,350.899999999999
2010-04-14,311.872222222222
2010-04-18,3619.62857142857
2010-04-22,280.22641509434
2010-04-26,320.731707317073
2010-04-30,274.270833333334
2010-05-04,426.367647058824
2010-05-08,434.967532467533
2010-05-12,367.579365079365
2010-05-16,273.385964912281
2010-05-20,274.51724137931103
2010-05-24,311.515957446809
2010-05-28,296.273542600897
2010-06-01,341.674074074074
2010-06-05,313.889655172414
2010-06-09,367.119047619048
2010-06-13,353.0
2010-06-17,321.58219178082203
2010-06-21,394.279220779221
2010-06-25,315.286666666667
2010-06-29,440.656804733728
2010-07-03,341.78301886792497
2010-07-07,421.756410256411
2010-07-11,503.731843575419
2010-07-15,873.3515248796119
2010-07-19,837.040229885057
2010-07-23,528.159793814433
2010-07-27,760.2710843373491
2010-07-31,470.704433497536
2010-08-04,489.04526748971205
2010-08-08,529.195979899497
2010-08-12,459.806451612903
2010-08-16,1049.87755102041
2010-08-20,595.8341968911919
2010-08-24,836.125581395348
2010-08-28,607.464705882352
2010-09-01,894.592356687897
2010-09-05,546.1393939393939
2010-09-09,714.7259259259249
2010-09-13,776.836257309941
2010-09-17,726.538461538462
2010-09-21,1555.47093023256
2010-09-25,777.256038647343
2010-09-29,2200.10365853658
2010-10-03,938.459016393443
2010-10-07,668.512499999999
2010-10-11,656.584905660377
2010-10-15,531.745762711864
2010-10-19,1164.53515625
2010-10-23,902.537142857142
2010-10-27,909.3333333333329
2010-10-31,541.128491620112
2010-11-04,513.716417910448
2010-11-08,844.5563636363639
2010-11-12,467.840236686391
2010-11-16,10953.6446700508
2010-11-20,19051.3275862069
2010-11-24,5500.90395480226
2010-11-28,715.238372093025
2010-12-02,696.579787234043
2010-12-06,502.97510373444095
2010-12-10,704.333333333334
2010-12-14,1029.75595238095
2010-12-18,871.720496894411
2010-12-22,1234.45222929936
2010-12-26,1146.06206896552
2010-12-30,1052.81656804734
2011-01-03,2482.39102564103
2011-01-07,1676.7256097561
2011-01-11,2305.92441860465
2011-01-15,1916.77707006369
2011-01-19,1694.33727810651
2011-01-23,2216.06470588235
2011-01-27,1867.45625
2011-01-31,3036.61176470589
2011-02-04,1525.2835051546401
2011-02-08,1564.5238095238099
2011-02-12,3058.62755102041
2011-02-16,2591.60344827586
2011-02-20,2875.85353535354
2011-02-24,3199.3671497584496
2011-02-28,3751.5133333333297
2011-03-04,3136.59276018099
2011-03-08,4463.94117647059
2011-03-12,6119.77142857142
2011-03-16,6970.68382352941
2011-03-20,10225.8686131387
2011-03-24,5180.74342105263
2011-03-28,6379.053571428571
2011-04-01,3512.44318181818
2011-04-05,3922.7835051546404
2011-04-09,4020.1025641025694
2011-04-13,4836.3969072165
2011-04-17,4610.62777777778
2011-04-21,4664.14965986394
2011-04-25,6000.640625
2011-04-29,6751.525000000001
2011-05-03,6118.31122448979
2011-05-07,6394.11682242991
2011-05-11,7125.48691099477
2011-05-15,7757.89545454545
2011-05-19,11566.2514619883
2011-05-23,8178.60839160839
2011-05-27,11312.886227544901
2011-05-31,17156.453333333302
2011-06-04,16756.8080357143
2011-06-08,30671.4324324324
2011-06-12,22714.9785407725
2011-06-16,30178.8055555555
2011-06-20,18501.0555555555
2011-06-24,19923.0462962963
2011-06-28,28019.01875
2011-07-02,21917.2781065089
2011-07-06,30170.152866242
2011-07-10,28664.6277372263
2011-07-14,26339.8958333333
2011-07-18,27003.470588235297
2011-07-22,25327.6953642384
2011-07-26,21533.039772727298
2011-07-30,17124.0131578947
2011-08-03,22168.764331210197
2011-08-07,22425.0634920635
2011-08-11,22631.9489051095
2011-08-15,29744.1782945736
2011-08-19,27046.847328244297
2011-08-23,20649.245161290302
2011-08-27,24946.352459016398
2011-08-31,19086.077419354802
2011-09-04,40163.1268656716
2011-09-08,21924.4651162791
2011-09-12,23229.7518796993
2011-09-16,22135.8823529412
2011-09-20,28120.8571428571
2011-09-24,20834.705426356602
2011-09-28,16838.659863945602
2011-10-02,17314.6694214876
2011-10-06,20312.4765625
2011-10-10,19697.7073170732
2011-10-14,18939.8201438849
2011-10-18,17740.024999999998
2011-10-22,22048.857142857098
2011-10-26,18995.2735042735
2011-10-30,18222.536363636398
2011-11-03,19392.280000000002
2011-11-07,18046.303030303
2011-11-11,18371.7105263158
2011-11-15,16387.7393939394
2011-11-19,16749.5447154472
2011-11-23,16949.0298507463
2011-11-27,18073.236842105303
2011-12-01,16286.3241758242
2011-12-05,16507.1139240506
2011-12-09,16082.659863945602
2011-12-13,18647.553030303
2011-12-17,14240.570469798698
2011-12-21,16324.8791946309
2011-12-25,12890.339080459798
2011-12-29,16804.3913043478
2012-01-02,19120.7483443709
2012-01-06,21752.608187134498
2012-01-10,29670.553191489398
2012-01-14,19971.5
2012-01-18,24815.5546875
2012-01-22,16622.9264705882
2012-01-26,22095.3333333333
2012-01-30,15792.494186046499
2012-02-03,20770.4113924051
2012-02-07,22141.686131386898
2012-02-11,23164.4733333333
2012-02-15,30038.8358208955
2012-02-19,16500.1962025317
2012-02-23,22571.126506024102
2012-02-27,19568.370129870098
2012-03-02,28036.977611940303
2012-03-06,23387.7591240876
2012-03-10,18333.0909090909
2012-03-14,26125.8394160584
2012-03-18,16375.30625
2012-03-22,19239.468354430403
2012-03-26,21100.0
2012-03-30,20375.1753246753
2012-04-03,27281.0
2012-04-07,21153.821705426402
2012-04-11,26322.0709219858
2012-04-15,29618.2523364486
2012-04-19,23639.267515923602
2012-04-23,24876.437037036998
2012-04-27,25039.4962962963
2012-05-01,28175.1352941177
2012-05-05,34146.8682634731
2012-05-09,47815.9638554217
2012-05-13,45954.4142857143
2012-05-17,67950.6034482758
2012-05-21,110299.301587302
2012-05-25,104401.92561983499
2012-05-29,105559.26984127
2012-06-02,36229.200000000004
2012-06-06,47840.6405228758
2012-06-10,102712.28313253
2012-06-14,179401.384615385
2012-06-18,99843.4799999999
2012-06-22,80673.5
2012-06-26,88551.6845637584
2012-06-30,72143.5151515151
2012-07-04,67597.36
2012-07-08,59263.6666666667
2012-07-12,71337.9666666666
2012-07-16,94391.5133333333
2012-07-20,111198.898648649
2012-07-24,76612.2795031056
2012-07-28,94184.7320261439
2012-08-01,98965.2686567164
2012-08-05,98393.9712230216
2012-08-09,77006.2882352941
2012-08-13,127556.36249999999
2012-08-17,126099.768115942
2012-08-21,99018.5202312139
2012-08-25,98860.15942029
2012-08-29,81827.7857142858
2012-09-02,86587.2865853658
2012-09-06,104186.368421053
2012-09-10,95204.5333333333
2012-09-14,99917.36419753081
2012-09-18,85415.502994012
2012-09-22,72497.26114649679
2012-09-26,103247.228571429
2012-09-30,63587.547169811296
2012-10-04,119388.364341085
2012-10-08,97029.17415730341
2012-10-12,89739.6912751678
2012-10-16,104634.05806451601
2012-10-20,92987.0
2012-10-24,94888.82098765431
2012-10-28,52922.82530120479
2012-11-01,80971.0437956204
2012-11-05,96567.46875
2012-11-09,77291.8815789473
2012-11-13,87442.3
2012-11-17,119174.278571429
2012-11-21,121658.782894737
2012-11-25,118420.26027397299
2012-11-29,104866.65060241001
2012-12-03,70422.87074829929
2012-12-07,111617.09302325599
2012-12-11,118238.215277778
2012-12-15,124239.74137931
2012-12-19,136948.190140845
2012-12-23,134197.893442623
2012-12-27,131340.403846154
2012-12-31,88550.2594936709
2013-01-04,141893.150326797
2013-01-08,149385.646616541
2013-01-12,163180.352459016
2013-01-16,180820.152671756
2013-01-20,140661.276923077
2013-01-24,150873.967948718
2013-01-28,168422.965986395
2013-02-01,179126.87755102
2013-02-05,141707.173652695
2013-02-09,179376.86013986001
2013-02-13,158420.643274854
2013-02-17,126095.03191489399
2013-02-21,142290.948863636
2013-02-25,149805.906862745
2013-03-01,196620.559210526
2013-03-05,194577.964028777
2013-03-09,156913.059171598
2013-03-13,167594.16560509498
2013-03-17,80979.4688995215
2013-03-21,127105.68348623799
2013-03-25,168653.263888889
2013-03-29,177902.563218391
2013-04-02,175525.70165745902
2013-04-06,158648.50306748503
2013-04-10,168524.06282722502
2013-04-14,175250.908496732
2013-04-18,144500.87755102
2013-04-22,147132.352941177
2013-04-26,157673.47368421
2013-04-30,181493.053691275
2013-05-04,157503.89375000002
2013-05-08,156593.67272727302
2013-05-12,182176.952380952
2013-05-16,201141.567567568
2013-05-20,180973.294573643
2013-05-24,159006.899408284
2013-05-28,169591.158227848
2013-06-01,124866.441314554
2013-06-05,147819.679347826
2013-06-09,134049.471698113
2013-06-13,108115.327956989
2013-06-17,143229.255172414
2013-06-21,132155.88690476198
2013-06-25,128022.566878981
2013-06-29,105794.769230769
2013-07-03,86074.5163043478
2013-07-07,76148.7849462366
2013-07-11,115277.724137931
2013-07-15,104989.091463415
2013-07-19,96946.3742690059
2013-07-23,124265.120567376
2013-07-27,95577.7650273224
2013-07-31,125116.536842105
2013-08-04,113389.51396648001
2013-08-08,126478.51707317101
2013-08-12,134153.662037037
2013-08-16,182542.541666667
2013-08-20,151469.352631579
2013-08-24,131210.31147541
2013-08-28,159938.314606742
2013-09-01,95107.2714932127
2013-09-05,142603.793296089
2013-09-09,123577.753694581
2013-09-13,100948.382352941
2013-09-17,165678.17877095
2013-09-21,124464.042328042
2013-09-25,117527.97087378599
2013-09-29,114968.14705882399
2013-10-03,145292.859296482
2013-10-07,145600.25
2013-10-11,127686.275675676
2013-10-15,100830.63076923101
2013-10-19,130005.206278027
2013-10-23,134827.63800905002
2013-10-27,116610.016759776
2013-10-31,135337.587677725
2013-11-04,120132.425641026
2013-11-08,229804.529850746
2013-11-12,141561.646766169
2013-11-16,117453.03608247399
2013-11-20,233257.43902439
2013-11-24,183450.52380952402
2013-11-28,248631.143646409
2013-12-02,231057.98113207502
2013-12-06,168976.88461538497
2013-12-10,191762.578125
2013-12-14,166706.16080402
2013-12-18,204074.753768844
2013-12-22,162082.520710059
2013-12-26,166255.177777778
2013-12-30,175158.369942196
2014-01-03,196643.043478261
2014-01-07,176517.604519774
2014-01-11,140351.338095238
2014-01-15,162223.956521739
2014-01-19,142592.378698225
2014-01-23,185492.423728814
2014-01-27,187405.557471264
2014-01-31,167553.79347826098
2014-02-04,221137.540697674
2014-02-08,186857.175824176
2014-02-12,250903.43820224697
2014-02-16,145525.533333333
2014-02-20,226498.51977401102
2014-02-24,225952.884816754
2014-02-28,236634.674033149
2014-03-04,357354.90604026796
2014-03-08,211094.428571429
2014-03-12,239561.873626374
2014-03-16,167490.45029239802
2014-03-20,216654.920903955
2014-03-24,217301.29787234002
2014-03-28,220066.58620689702
2014-04-01,218021.321637427
2014-04-05,192057.456140351
2014-04-09,243824.23602484498
2014-04-13,162342.14973262002
2014-04-17,223713.349112426
2014-04-21,190698.409356725
2014-04-25,226678.675824176
2014-04-29,228138.15294117702
2014-05-03,203527.063380282
2014-05-07,244229.037735849
2014-05-11,217980.04605263198
2014-05-15,247333.789473684
2014-05-19,240639.095238095
2014-05-23,251024.818181818
2014-05-27,296760.82352941204
2014-05-31,208395.54421768698
2014-06-04,203397.785714286
2014-06-08,228370.227941176
2014-06-12,230417.88953488402
2014-06-16,216450.079787234
2014-06-20,178434.682795699
2014-06-24,202052.718085106
2014-06-28,178338.983516484
2014-07-02,291681.10948905104
2014-07-06,232487.38028168998
2014-07-10,253822.69127516798
2014-07-14,263035.459259259
2014-07-18,224514.38953488402
2014-07-22,271551.11971830996
2014-07-26,228282.33582089498
2014-07-30,230701.029069767
2014-08-03,198484.785714286
2014-08-07,249787.05625
2014-08-11,247431.351648352
2014-08-15,258699.38181818198
2014-08-19,221730.553763441
2014-08-23,195526.30864197502
2014-08-27,253810.017751479
2014-08-31,179603.420212766
2014-09-04,249913.60126582297
2014-09-08,296770.298611111
2014-09-12,242384.714285714
2014-09-16,296312.65497076
2014-09-20,208401.698863636
2014-09-24,285509.25641025597
2014-09-28,326988.450381679
2014-10-02,301057.364963504
2014-10-06,280036.701863354
2014-10-10,285418.858064516
2014-10-14,368183.166666667
2014-10-18,225046.048780488
2014-10-22,289547.408805031
2014-10-26,333230.02400000003
2014-10-30,298692.794117647
2014-11-03,303758.355029586
2014-11-07,341336.60927152296
2014-11-11,385816.310077519
2014-11-15,288056.828571429
2014-11-19,338609.872340425
2014-11-23,333664.133802817
2014-11-27,346226.127659574
2014-12-01,415372.569230769
2014-12-05,324024.288461539
2014-12-09,359033.640845071
2014-12-13,284367.054794521
2014-12-17,461817.046875
2014-12-21,352554.742424242
2014-12-25,235349.867088608
2014-12-29,284166.323170732
2015-01-02,265137.327272727
2015-01-06,314165.835443038
2015-01-10,398392.29931972804
2015-01-14,420506.70344827604
2015-01-18,320820.019607843
2015-01-22,396514.237037037
2015-01-26,491455.637795276
2015-01-30,312746.920289855
2015-02-03,404064.700787402
2015-02-07,284945.58490566
2015-02-11,347811.962025317
2015-02-15,468847.492857143
2015-02-19,315926.873493976
2015-02-23,404722.02816901397
2015-02-27,375608.78289473697
2015-03-03,406338.82278481
2015-03-07,387500.64285714296
2015-03-11,407319.136363636
2015-03-15,350267.72027972
2015-03-19,457138.248175183
2015-03-23,416135.572413793
2015-03-27,301105.421052632
2015-03-31,400420.98
2015-04-04,340018.366013072
2015-04-08,462382.6
2015-04-12,371312.7578125
2015-04-16,365163.869565217
2015-04-20,392346.116883117
2015-04-24,493347.11290322605
2015-04-28,386087.516339869
2015-05-02,371399.931972789
2015-05-06,363293.552795031
2015-05-10,422314.527131783
2015-05-14,339278.603896104
2015-05-18,375255.131944444
2015-05-22,412173.108695652
2015-05-26,419110.61111111095
2015-05-30,480064.867647059
2015-06-03,471853.91549295804
2015-06-07,356153.36241610703
2015-06-11,459191.703703704
2015-06-15,512932.12499999994
2015-06-19,515908.68707482994
2015-06-23,521622.671428571
2015-06-27,485407.66666666704
2015-07-01,634471.4888888891
2015-07-05,442218.161971831
2015-07-09,744732.984962406
2015-07-13,717927.8310810811
2015-07-17,676601.986394558
2015-07-21,535469.5984251971
2015-07-25,354706.220779221
2015-07-29,840224.34868421
2015-08-02,428181.695364238
2015-08-06,785166.552447552
2015-08-10,450405.82035928103
2015-08-14,433368.661971831
2015-08-18,479367.43262411404
2015-08-22,378241.829113924
2015-08-26,384749.552795031
2015-08-30,372106.87999999995
2015-09-03,494697.95890411
2015-09-07,477577.611842106
2015-09-11,698082.0
2015-09-15,697780.8625
2015-09-19,469263.016
2015-09-23,459780.79113924096
2015-09-27,442061.56375838903
2015-10-01,457235.711409396
2015-10-05,423255.31372549
2015-10-09,595055.674603174
2015-10-13,555196.656934307
2015-10-17,599779.544117647
2015-10-21,565292.131944444
2015-10-25,527245.7612903219
2015-10-29,591662.033112583
2015-11-02,625830.3529411759
2015-11-06,658056.965517241
2015-11-10,606811.767123288
2015-11-14,541817.4225352111
2015-11-18,598407.764705883
2015-11-22,437165.436046512
2015-11-26,536883.8295454549
2015-11-30,672511.87654321
2015-12-04,588731.830065359
2015-12-08,617037.6685714291
2015-12-12,689175.0246913581
2015-12-16,676312.527607362
2015-12-20,600066.4969696971
2015-12-24,729631.7753623191
2015-12-28,656115.867549669
2016-01-01,493407.133333333
2016-01-05,641778.949044586
2016-01-09,638665.410596026
2016-01-13,676355.655405405
2016-01-17,754065.847682119
2016-01-21,840199.291970803
2016-01-25,719355.969135802
2016-01-29,686997.455621302
2016-02-02,803890.633333333
2016-02-06,603149.725
2016-02-10,738433.414634146
2016-02-14,624711.9759036141
2016-02-18,650894.7159763309
2016-02-22,898240.1023622049
2016-02-26,765234.95
2016-03-01,905035.893617022
2016-03-05,780037.2
2016-03-09,744126.720238095
2016-03-13,637964.842105263
2016-03-17,746761.90070922
2016-03-21,754278.7841726621
2016-03-25,624015.465753425
2016-03-29,836449.363057325
2016-04-02,798859.208633093
2016-04-06,706436.834394904
2016-04-10,553299.502890174
2016-04-14,714272.31707317
2016-04-18,837628.746268657
2016-04-22,774912.097902098
2016-04-26,813179.688741722
2016-04-30,757548.506849315
2016-05-04,707049.45508982
2016-05-08,578155.071428571
2016-05-12,779993.971223021
2016-05-16,906763.574468085
2016-05-20,781658.2885906041
2016-05-24,849967.387755102
2016-05-28,863364.751879699
2016-06-01,839311.594405594
2016-06-05,611225.74117647
2016-06-09,720621.0909090909
2016-06-13,915602.751552796
2016-06-17,930753.7382550341
2016-06-21,914910.006711409
2016-06-25,792597.820987655
2016-06-29,764559.226027397
2016-07-03,614648.811688312
2016-07-07,821500.401459854
2016-07-11,793286.692307693
2016-07-15,790217.274074074
2016-07-19,860789.296875
2016-07-23,826302.038167939
2016-07-27,921787.4453125
2016-07-31,794571.935064935
2016-08-04,780742.62745098
2016-08-08,839246.162162162
2016-08-12,805274.2214765099
2016-08-16,920074.866666667
2016-08-20,714048.7354838711
2016-08-24,756289.131578948
2016-08-28,608527.717105263
2016-09-01,849244.9642857141
2016-09-05,880298.857142857
2016-09-09,813034.105633803
2016-09-13,780871.266666667
2016-09-17,754383.9386503069
2016-09-21,711351.795180723
2016-09-25,570905.935135135
2016-09-29,832816.3776223781
2016-10-03,863665.266666667
2016-10-07,867495.489510489
2016-10-11,923088.669064748
2016-10-15,781651.549295775
2016-10-19,807401.744
2016-10-23,792336.895833334
2016-10-27,977625.672839506
2016-10-31,810984.272108844
2016-11-04,956108.198275862
2016-11-08,866265.940828403
2016-11-12,710403.196428572
2016-11-16,791348.3567251461
2016-11-20,902306.234375
2016-11-24,951714.067901234
2016-11-28,909111.3658536581
2016-12-02,976568.783216783
2016-12-06,962761.093333333
2016-12-10,898481.719696969
2016-12-14,901627.8705035971
2016-12-18,861416.375886525
2016-12-22,919836.1949685529
2016-12-26,855863.2816901411
2016-12-30,871707.828025477
2017-01-03,906573.518292683
2017-01-07,987245.739130435
2017-01-11,923016.352941176
2017-01-15,677067.6586826349
2017-01-19,834368.74137931
2017-01-23,908683.579710145
2017-01-27,837679.805882353
2017-01-31,959546.324137931
2017-02-04,952156.423611111
2017-02-08,961128.719178082
2017-02-12,872459.2142857141
2017-02-16,973947.5231788079
2017-02-20,951329.385135135
2017-02-24,971179.0245398771
2017-02-28,968234.019607843
2017-03-04,985903.795454546
2017-03-08,979427.084507042
2017-03-12,960146.464516129
2017-03-16,988260.130718954
2017-03-20,977387.352941177
2017-03-24,869937.534090908
2017-03-28,985683.722580645
2017-04-01,967154.9848484851
2017-04-05,966858.444444444
2017-04-09,925461.893081761
2017-04-13,972980.299212598
2017-04-17,930786.485507246
2017-04-21,975939.3233532921
2017-04-25,966010.324324325
2017-04-29,971570.312138729
2017-05-03,995290.871212121
2017-05-07,964836.443113773
2017-05-11,961242.696296296
2017-05-15,970711.982352941
2017-05-19,971260.817073171
2017-05-23,978685.1666666671
2017-05-27,991460.916666667
2017-05-31,976696.451219512
2017-06-04,982358.670807454
2017-06-08,969814.2060606059
2017-06-12,967594.673469388
2017-06-16,983088.047297297
2017-06-20,965675.2246376809
2017-06-24,949838.753424658
2017-06-28,972587.2356687901
2017-07-02,779583.2978723401
2017-07-06,956304.661971831
2017-07-10,746657.908629442
2017-07-14,900208.978417266
2017-07-18,959427.872727273
2017-07-22,925754.18125
2017-07-26,967338.823129251
2017-07-30,810337.360544218
2017-08-03,868854.710144928
2017-08-07,943697.823529411
2017-08-11,967170.902777778
2017-08-15,975069.901315789
2017-08-19,966455.158940397
2017-08-23,986510.6666666659
2017-08-27,990802.012903226
2017-08-31,981641.533742331
2017-09-04,927660.777142857
2017-09-08,913187.714285714
2017-09-12,711239.20212766
2017-09-16,701067.2307692311
2017-09-20,948245.384615384
2017-09-24,656781.5241379311
2017-09-28,843941.966101694
2017-10-02,1001502.39333333
2017-10-06,920435.79245283
2017-10-10,964272.5875
2017-10-14,1023221.43971631
2017-10-18,1017521.49006623
2017-10-22,1005286.2252747301
2017-10-26,732356.4888888891
2017-10-30,1028509.13605442
2017-11-03,1046605.9747899199
2017-11-07,1026380.0833333301
2017-11-11,1058294.0987654298
2017-11-15,1045910.63157895
2017-11-19,1042986.8250000001
2017-11-23,1056894.2611465
2017-11-27,1047396.6470588201
2017-12-01,1068084.66666667
2017-12-05,1058658.53370787
2017-12-09,1051266.28735632
2017-12-13,1057064.67204301
2017-12-17,1041074.4216216198
2017-12-21,1038692.09090909
2017-12-25,1050745.95555555
2017-12-29,1047753.71515152
2018-01-02,1041367.59649123
2018-01-06,1054609.16071429
2018-01-10,1058194.97590362
2018-01-14,1050657.76774194
2018-01-18,1050848.87283237
2018-01-22,1081038.1017964098
2018-01-26,1042627.29677419
2018-01-30,987508.6706586829
2018-02-03,996566.860759494
2018-02-07,1071722.39007092
2018-02-11,1006919.15231788
2018-02-15,1063894.9618320598
2018-02-19,1006584.07407407
2018-02-23,1006292.97297297
2018-02-27,1016192.1499999999
2018-03-03,976833.5166666659
2018-03-07,1022321.91082803
2018-03-11,1013150.76470588
2018-03-15,770433.131944445
2018-03-19,678044.703225806
2018-03-23,830547.676691729
2018-03-27,763199.125
2018-03-31,676326.4765625
2018-04-04,723346.340136055
2018-04-08,431451.763975155
2018-04-12,825766.454545454
2018-04-16,967547.255319149
2018-04-20,818439.788321168
2018-04-24,967178.522012579
2018-04-28,844274.703125
2018-05-02,877978.135714286
2018-05-06,758401.058394161
2018-05-10,733376.694805195
2018-05-14,872704.272727272
2018-05-18,839280.155405405
2018-05-22,697712.5562913909
2018-05-26,488469.38271605
2018-05-30,625990.08045977
2018-06-03,771284.349693251
2018-06-07,1082513.48951049
2018-06-11,793075.614285714
2018-06-15,801346.516339869
2018-06-19,908624.0838709681
2018-06-23,534422.66875
2018-06-27,1088043.0743801699
2018-07-01,705291.442176871
2018-07-05,783748.218978102
2018-07-09,1060415.3529411799
2018-07-13,1113532.70629371
2018-07-17,909335.5345911949
2018-07-21,715741.226277372
2018-07-25,965074.4915254241
2018-07-29,539320.923529412
2018-08-02,806938.450980393
2018-08-06,1050986.70229008
2018-08-10,792378.119318182
2018-08-14,1011792.91911765
2018-08-18,590060.225
2018-08-22,774898.2625000001
2018-08-26,569715.502890173
2018-08-30,817750.818181818
2018-09-03,846752.486111111
2018-09-07,889911.335526316
2018-09-11,941821.3829787229
2018-09-15,789859.0571428579
2018-09-19,804437.243589743
2018-09-23,655633.4400000001
2018-09-27,877031.230769231
2018-10-01,857105.917721519
2018-10-05,963110.884615385
2018-10-09,966413.523076923
2018-10-13,862022.191489362
2018-10-17,1049207.80434783
2018-10-21,823540.115942028
2018-10-25,1035430.2992700699
2018-10-29,983820.6095890411
2018-11-02,1117054.93006993
2018-11-06,1072038.4375
2018-11-10,955554.3129771
2018-11-14,1094776.66666667
2018-11-18,954274.6991869911
2018-11-22,1218455.31147541
2018-11-26,1186164.18918919
2018-11-30,1209791.36633663
2018-12-04,1083459.61594203
2018-12-08,970701.047244094
2018-12-12,1133562.5
2018-12-16,1019919.55652174
2018-12-20,1139195.02222222
2018-12-24,932735.355263158
2018-12-28,930544.02994012
2019-01-01,801778.946308724
2019-01-05,812945.82208589
2019-01-09,884137.8109756099
2019-01-13,853370.8905109491
2019-01-17,1097214.18110236
2019-01-21,943183.7133333329
2019-01-25,1017360.0507246401
2019-01-29,1010222.7876712299
2019-02-02,981337.798611111
2019-02-06,1050370.40853659
2019-02-10,899240.978571428
2019-02-14,1111246.9716312098
2019-02-18,1080017.01935484
2019-02-22,1085184.22839506
2019-02-26,1092907.34782609
2019-03-02,1155579.25757576
2019-03-06,1235649.3046875
2019-03-10,783473.3529411771
2019-03-14,1043826.61935484
2019-03-18,926942.732919254
2019-03-22,944549.0000000009
2019-03-26,1207859.0074626901
2019-03-30,1204920.20863309
2019-04-03,1248329.99295775
2019-04-07,1138896.87234043
2019-04-11,1201692.84713376
2019-04-15,1227139.11034483
2019-04-19,1212485.17105263
2019-04-23,1255767.38793103
2019-04-27,1170310.44525547
2019-05-01,1126911.23391813
2019-05-05,1196308.18604651
2019-05-09,1258699.75333333
2019-05-13,1203409.63473054
2019-05-17,1261404.70860927
2019-05-21,1258643.05882353
2019-05-25,1177713.41428571
2019-05-29,1224251.0229885099
2019-06-02,1200579.6335877902
2019-06-06,1158709.75796178
2019-06-10,1150810.56687898
2019-06-14,1290370.4437869801
2019-06-18,1236012.35582822
2019-06-22,1209288.7092198601
2019-06-26,1240848.79393939
2019-06-30,1003498.8684210499
2019-07-04,1139688.04191617
2019-07-08,1064795.5842696598
2019-07-12,1232422.5426829301
2019-07-16,1098875.2777777798
2019-07-20,1047570.5932203401
2019-07-24,1107293.87769784
2019-07-28,703646.56
2019-08-01,1150850.85915493
2019-08-05,1179503.44055944
2019-08-09,1156579.72789116
2019-08-13,1189568.8726114698
2019-08-17,996770.2890625
2019-08-21,1188414.0147058798
2019-08-25,804201.896774194
2019-08-29,995517.3878787879
2019-09-02,1055764.3557047
2019-09-06,1091438.71518987
2019-09-10,957443.978021978
2019-09-14,903661.329032258
2019-09-18,1069905.4482758602
2019-09-22,850795.608433735
2019-09-26,970737.502923977
2019-09-30,1150525.3923076899
2019-10-04,1086928.38095238
2019-10-08,966500.944444444
2019-10-12,971500.255639098
2019-10-16,1116763.8811188801
2019-10-20,845296.609589041
2019-10-24,1091473.2330827098
2019-10-28,1200985.94776119
2019-11-01,1241092.9076923102
2019-11-05,1137513.59722222
2019-11-09,1062813.04861111
2019-11-13,1155403.25185185
2019-11-17,1108507.4805194798
2019-11-21,1214479.8029197098
2019-11-25,1076081.424
2019-11-29,1055517.75735294
2019-12-03,961583.018987342
2019-12-07,865809.870967743
2019-12-11,1195490.90151515
2019-12-15,1120130.2903225801
2019-12-19,1013370.41401274
2019-12-23,1037491.6433566399
2019-12-27,1017240.09655172
2019-12-31,982280.848275861
2020-01-04,794683.5595238099
2020-01-08,1063490.8943662
2020-01-12,825020.880794702
2020-01-16,983502.1761006289
2020-01-20,991580.940789473
2020-01-24,1032869.6118421099
2020-01-28,1204786.9084506999
2020-02-01,962483.086092715
2020-02-05,1084759.06289308
2020-02-09,951914.0718954239
2020-02-13,1229481.90070922
2020-02-17,1024710.81528662
2020-02-21,1067097.6038961
2020-02-25,1064563.58333333
2020-02-29,989318.215827338
2020-03-04,1226066.10179641
2020-03-08,869396.67721519
2020-03-12,1235116.70198676
2020-03-16,1193453.0084033601
2020-03-20,1264478.0733945
2020-03-24,1170288.61363636
2020-03-28,910426.518518518
2020-04-01,1113694.49019608
2020-04-05,769681.2857142859
2020-04-09,1069383.3571428598
2020-04-13,929310.2923976601
2020-04-17,1286230.61417323
2020-04-21,1068249.13422819
2020-04-25,1239612.48529412
2020-04-29,1195938.75172414
2020-05-03,1196455.80952381
2020-05-07,1313992.02040816
2020-05-11,1283646.98089172
2020-05-15,1272443.528
2020-05-19,1333283.0608695701
2020-05-23,1278850.5546218501
2020-05-27,1343527.2898550702
2020-05-31,1051905.3199999998
2020-06-04,1236471.56291391
2020-06-08,1151651.27777778
2020-06-12,1355473.2208588999
2020-06-16,1223100.94
2020-06-20,1107477.41605839
2020-06-24,1288159.84892086
2020-06-28,901781.7999999999
2020-07-02,1133437.3963414598
2020-07-06,1227644.1038960998
2020-07-10,1208174.02484472
2020-07-14,1259092.4375
2020-07-18,1276202.18461538
2020-07-22,1260738.63194444
2020-07-26,1343587.36075949
2020-07-30,1287137.02222222
2020-08-03,1326875.3641975299
2020-08-07,1301960.69078947
2020-08-11,1285126.1428571402
2020-08-15,1229856.10897436
2020-08-19,1294059.8550724636
2020-08-23,1251878.9681528667
2020-08-27,1268826.3100775196
2020-08-31,1171316.9333333333
2020-09-04,1300009.0814814817
2020-09-08,1249473.1741935483
2020-09-12,1060539.0705882353
2020-09-16,1309139.7677419349
2020-09-20,1093970.1056338027
2020-09-24,1258397.3065693423
2020-09-28,1244179.666666667
2020-10-02,1291145.963235295
2020-10-06,1300707.3846153847
2020-10-10,1298188.8391608393
2020-10-14,1136457.4765100672
2020-10-18,1083029.5916666666
2020-10-22,1283932.4233576632
2020-10-26,1340452.4545454544
2020-10-30,1294094.2792792795
2020-11-03,1282563.3857142865
2020-11-07,1359237.3630136992
2020-11-11,1297173.1700680275
2020-11-15,1205226.5199999998
2020-11-19,1330062.8175182485
2020-11-23,1229474.9115646256
2020-11-27,1285159.4480519472
2020-12-01,1277175.2828947373
2020-12-05,1342303.1666666674
2020-12-09,1275817.9136690649
2020-12-13,1174223.993589744
2020-12-17,1299902.844961241
2020-12-21,1345368.5
2020-12-25,1285844.1805555553
2020-12-29,1276643.4473684216
2021-01-02,1395637.2450331128
2021-01-06,1293667.9209039558
2021-01-10,1282691.3710691822
2021-01-14,1296483.0204081635
2021-01-18,1342526.8551724134
2021-01-22,1283418.8169014088
2021-01-26,1360394.1428571432
2021-01-30,1301743.8382352942
2021-02-03,1301816.320000001
2021-02-07,1393552.7884615387
2021-02-11,1271182.4186046515
2021-02-15,1321964.7549668876
2021-02-19,1328641.823529411
2021-02-23,1298336.511811023
2021-02-27,1291870.1656050957
2021-03-03,1301007.401315789
2021-03-07,1369775.6849315073
2021-03-11,1284828.901515151
2021-03-15,1356310.1891891882
2021-03-19,1323033.3175675676
2021-03-23,1352368.1428571432
2021-03-27,1298147.3333333333
2021-03-31,1345339.9490445857
2021-04-04,1370052.1849315066
2021-04-08,1314213.8507462682
2021-04-12,1345640.7430555562
2021-04-16,1317298.5533980583
2021-04-20,1329866.6718750002
2021-04-24,1326225.6896551726
2021-04-28,1311624.7676056328
2021-05-02,1407752.259459459
2021-05-06,1361765.3764705881
2021-05-10,1374446.744444444
2021-05-14,1315543.0373134331
2021-05-18,1332186.9600000004
2021-05-22,1289550.3362068967
2021-05-26,1300155.1639344261
2021-05-30,1499183.1736111115
2021-06-03,1293653.8027210885
2021-06-07,1250724.7218045113
2021-06-11,1401894.276190477
2021-06-15,1294162.251908396
2021-06-19,1187639.9029126212
2021-06-23,1392618.8613861385
2021-06-27,1424897.4915254242
2021-07-01,1392820.9684210531
2021-07-05,1327586.4469696966
2021-07-09,1259713.9847328241
2021-07-13,1159622.036764706
2021-07-17,784945.6643356646
2021-07-21,1092054.9172413792
2021-07-25,792788.8300653594
2021-07-29,1022161.8375000004
2021-08-02,1267856.2447552448
2021-08-06,1037619.5408805027
2021-08-10,989854.5696969694
2021-08-14,764561.2256097562
2021-08-18,1248408.8740740737
2021-08-22,838214.2499999999
2021-08-26,1019037.2054794523
2021-08-30,1178416.4074074072
2021-09-03,1268494.4999999995
2021-09-07,1140718.496732026
2021-09-11,1082964.5540540537
2021-09-15,1331678.6619718305
2021-09-19,770383.0312499999
2021-09-23,1016578.4606060606
2021-09-27,1051818.432258064
2021-10-01,1237001.442857143
2021-10-05,1274705.579268293
2021-10-09,1289836.106666667
2021-10-13,1107308.3550295862
2021-10-17,903351.3624999998
2021-10-21,1512783.5810810816
2021-10-25,1101719.6868131866
2021-10-29,1067304.087719298
2021-11-02,1250437.993670886
2021-11-06,921042.9545454545
2021-11-10,1362915.9463087253
2021-11-14,880797.3885350317
2021-11-18,1267871.3680555557
2021-11-22,1195197.0070921981
2021-11-26,1342729.242424242
2021-11-30,1244173.305970149
2021-12-04,1091812.2903225806
2021-12-08,951603.4523809524
2021-12-12,863115.4714285717
2021-12-16,1275047.6869565218
2021-12-20,1248501.9027777782
2021-12-24,1239346.907284769
2021-12-28,1470745.2537313434
2022-01-01,697698.9127906977
2022-01-05,1235002.9666666666
2022-01-09,929576.858156028
2022-01-13,950327.4134078212
2022-01-17,1112459.049689441
2022-01-21,1410456.3582089546
2022-01-25,1072904.2434210528
2022-01-29,1044287.5234899329
2022-02-02,1190933.980392157
2022-02-06,1086566.423076924
2022-02-10,1389048.1632653065
2022-02-14,1058443.3594771242
2022-02-18,1296436.0895522393
2022-02-22,1097987.2565789474
2022-02-26,1165299.3200000008
2022-03-02,1522395.6323529414
2022-03-06,1067880.190839695
2022-03-10,1281342.0689655165
2022-03-14,1130072.6797385628
2022-03-18,1280325.0489510489
2022-03-22,1114318.2147651007
2022-03-26,922095.8571428579
2022-03-30,1321063.8370370367
2022-04-03,1061416.064748201
2022-04-07,1279268.282608696
2022-04-11,1305536.8686131383
2022-04-15,1011750.3987341768
2022-04-19,1359555.0564516126
2022-04-23,953027.1840490804
2022-04-27,1062318.6764705884
2022-05-01,874984.2634730544
2022-05-05,1419433.9617834394
2022-05-09,1245684.722580645
2022-05-13,1305426.7105263157
2022-05-17,1460201.0884353747
2022-05-21,1071192.6814814818
2022-05-25,1354729.888888888
2022-05-29,1021936.020134228
2022-06-02,1423832.8000000003
2022-06-06,1212194.793333333
2022-06-10,1140199.0816326533
2022-06-14,1443100.98630137
2022-06-18,1193897.7371794865
2022-06-22,1278783.7674418602
2022-06-26,1271307.9347826082
2022-06-30,1071478.9883040937
2022-07-04,1105456.8181818174
2022-07-08,1234133.3243243247
2022-07-12,1204294.7350993373
2022-07-16,1024222.4864864866
2022-07-20,1374580.6507936507
2022-07-24,857081.280254777
2022-07-28,1348517.4680851058
2022-08-01,1287020.713235293
2022-08-05,1156854.6066666667
2022-08-09,1271388.7412587411
2022-08-13,1083895.3021582733
2022-08-17,1330205.5658914733
2022-08-21,945787.136986302
2022-08-25,1094529.6540880501
2022-08-29,1140683.74522293
2022-09-02,1407585.5891472865
2022-09-06,1258158.725352113
2022-09-10,1051505.7770700634
2022-09-14,1470922.4173228345
2022-09-18,945075.8246753251
2022-09-22,1225528.4843749998
2022-09-26,1179956.4199999992
2022-09-30,1137219.8106508877
2022-10-04,1111434.7484662572
2022-10-08,855713.1257142854
2022-10-12,1211656.7372262771
2022-10-16,959875.8472222225
2022-10-20,1220903.55862069
2022-10-24,1287803.5514705891
2022-10-28,1149426.201257862
2022-11-01,1308074.7430555557
2022-11-05,1165122.8807947012
2022-11-09,1310950.0604026853
2022-11-13,1210634.9147286818
2022-11-17,1302199.9347826086
2022-11-21,1422428.7286821716
2022-11-25,1506700.5365853661
2022-11-29,1361236.1221374047
2022-12-03,1318575.2137404582
2022-12-07,1029506.1976744189
2022-12-11,972099.4421768708
2022-12-15,1235629.726618705
2022-12-19,1322322.2941176475
2022-12-23,1262014.5833333335
2022-12-27,1376405.0521739132
2022-12-31,1071710.8461538462
2023-01-04,1224450.1678321678
2023-01-08,905175.4509803916
2023-01-12,1350650.0198675497
2023-01-16,1260744.619047619
2023-01-20,1293477.098484848
2023-01-24,1342045.426356589
2023-01-28,960155.4166666669
2023-02-01,1575890.3795620436
2023-02-05,1629097.0592105256
2023-02-09,2143936.5370370355
2023-02-13,2162067.403846153
2023-02-17,2048259.181818183
2023-02-21,2044759.9341317373
2023-02-25,1846932.2429906542
2023-03-01,2110520.582352941
2023-03-05,1933650.9612903225
2023-03-09,1825581.814814815
2023-03-13,2066050.2038216558
2023-03-17,1900525.9047619046
2023-03-21,1988930.3517241387
2023-03-25,2090348.034482757
2023-03-29,2014914.5782312932
2023-04-02,1876088.8859060402
2023-04-06,1957578.5124999995
2023-04-10,1622220.6178861787
2023-04-14,1777183.564285715
2023-04-18,1774748.1987951808
2023-04-22,1686116.4899328859
2023-04-26,1607471.7538461532
2023-04-30,1647023.3513513512
2023-05-04,1596318.5958904112
2023-05-08,1702923.1678832117
2023-05-12,1670210.177304964
2023-05-16,1714052.3071895428
2023-05-20,1709835.9465648863
2023-05-24,1793709.716312056
2023-05-28,1696633.0125000014
2023-06-01,1599280.7727272727
2023-06-05,1597624.514492754
2023-06-09,1630917.8284023672
2023-06-13,1798182.5986394563
2023-06-17,1713229.1142857154
2023-06-21,1608081.892561983
2023-06-25,1868063.8758169936
2023-06-29,1676636.4589041104
2023-07-03,1780203.02189781
2023-07-07,1799449.0114285704
2023-07-11,1714983.807407407
2023-07-15,1683448.0579710146
2023-07-19,1738754.1013513517
2023-07-23,1730404.2789115638
2023-07-27,1653487.9420289851
2023-07-31,1678803.6666666667
2023-08-04,1594248.9752066114
2023-08-08,1562834.1759999997
2023-08-12,1594641.2095808382
2023-08-16,1685333.3067484656
2023-08-20,1721834.01234568
2023-08-24,1570589.345323741
2023-08-28,1583304.4491525425
2023-09-01,1688032.7483443716
2023-09-05,1541140.1290322577
2023-09-09,1696613.2649006632
2023-09-13,1672407.013605442
2023-09-17,1722460.5906040273
2023-09-21,1641259.5072463765
2023-09-25,1731199.344827586
2023-09-29,1713152.455782313
2023-10-03,1868119.743902438
2023-10-07,1586042.4210526317
2023-10-11,1471176.84375
2023-10-15,1880928.9820359284
2023-10-19,1707656.7499999995
2023-10-23,1915865.458598725
2023-10-27,1656251.759740259
2023-10-31,1679830.3548387098
2023-11-04,1686741.1428571444
2023-11-08,1653791.7315436243
2023-11-12,1738508.9689440993
2023-11-16,1681076.3040540544
2023-11-20,1717741.9397590375
2023-11-24,1751372.083333334
2023-11-28,1717509.0136054424
2023-12-02,1682123.7322834649
2023-12-06,1517801.3455882354
2023-12-10,1763149.5714285716
2023-12-14,1507396.0068493146
2023-12-18,1665772.1190476187
2023-12-22,1701326.2500000005
2023-12-26,1765703.942446043
2023-12-30,1625426.9241379315
2024-01-03,1771465.7531645563
2024-01-07,1776827.237288136
2024-01-11,1576814.0982658963
2024-01-15,1730983.377192982
2024-01-19,1668630.7272727273
2024-01-23,1537962.2142857143
2024-01-27,1740003.5672514632
2024-01-31,1678990.3740458018
2024-02-04,1582979.7483870964
2024-02-08,1523349.0144927534
2024-02-12,1871392.463687151
2024-02-16,1807967.67164179
2024-02-20,1687660.8510638294
2024-02-24,1637703.8248175175
2024-02-28,1806319.4832214755
2024-03-03,1934863.9032258051
2024-03-07,1900112.077777777
2024-03-11,1734871.7823529416
2024-03-15,1635719.4881889764
2024-03-19,1742939.4331210197
2024-03-23,1786932.961538461
2024-03-27,1840430.2573529407
2024-03-31,2292706.605839417
2024-04-04,1724585.3695652164
2024-04-08,1937859.5696202538
2024-04-12,1772481.7794117641
2024-04-16,1936371.8606060608
2024-04-20,1452106.761538461
2024-04-24,1568990.9419354836
2024-04-28,1664185.2999999998
2024-05-02,1632212.8344827578
2024-05-06,1561740.5901639343
2024-05-10,1538856.3793103439
2024-05-14,1616100.0147058817
2024-05-18,1453582.1249999995
2024-05-22,1660516.326797386
2024-05-26,1665902.2619047607
2024-05-30,1519309.162601626
2024-06-03,1542151.2038216565
2024-06-07,1328911.873239437
2024-06-11,1573228.9105691053
2024-06-15,1473827.335820895
2024-06-19,1608051.8759124086
2024-06-23,1659104.8660714282
2024-06-27,1666994.1153846162
2024-07-01,1653771.6524822693
2024-07-05,1592418.132231404
2024-07-09,1564930.7142857143
2024-07-13,1557888.032467532
2024-07-17,1603771.1446540887
2024-07-21,1580112.4852070997
2024-07-25,1592445.1963190178
2024-07-29,1621344.4325842701
2024-08-02,1623253.176
2024-08-06,1621725.7785714287
2024-08-10,1605718.7596899231
2024-08-14,1626691.075757575
2024-08-18,1678853.1410256415
2024-08-22,1588139.5374999996
2024-08-26,1669892.850746268
2024-08-30,1653585.3239436622
2024-09-03,1752698.577181209
2024-09-07,1634313.0886075948
2024-09-11,1636213.7314814823
2024-09-15,1627577.3178807944
2024-09-19,1624399.1065573767
2024-09-23,1669087.9452054796
2024-09-27,1736522.875912409
2024-10-01,1612238.630573248
2024-10-05,1533021.2119205294
2024-10-09,1575953.4960629924
2024-10-13,1537622.9927536233
2024-10-17,1618090.6496815295
2024-10-21,1579282.1403508778
2024-10-25,1748851.0718954252
2024-10-29,1705674.5286624196
2024-11-02,1736121.5390070938
2024-11-06,1665464.7777777775
2024-11-10,1637452.5405405401
2024-11-14,1571146.7007874015
2024-11-18,1598452.0128205132
2024-11-22,1584046.2027972033
2024-11-26,1546172.4892086326
2024-11-30,1634260.103658536
2024-12-04,1557698.9183673467
2024-12-08,1582743.3767123292
2024-12-12,1580802.6554054052
2024-12-16,1599290.22972973
2024-12-20,1546212.2185430457
2024-12-24,1561172.409090909
2024-12-28,1685794.076923076
2025-01-01,1811645.0785714278
2025-01-05,1718800.2628205135
2025-01-09,1722752.9934210526
2025-01-13,1729551.3437500007
2025-01-17,1685580.0599999998
2025-01-21,1804724.4887218038
2025-01-25,1715218.0859374998
2025-01-29,1788314.1612903222
2025-02-02,1677979.087719299
2025-02-06,1765418.1517241378
2025-02-10,1684057.611510792
2025-02-14,1771815.7763157887
2025-02-18,1786366.2214285706
2025-02-22,1750254.7697841716
2025-02-26,1470600.2420382171
2025-03-02,1760054.301587302
2025-03-06,1697800.470588235
2025-03-10,1597854.3246753248
2025-03-14,1649419.4859154925
2025-03-18,1601982.8450704229
2025-03-22,1676042.3133333332
2025-03-26,1619910.0394736845
2025-03-30,1557498.3722627729
2025-04-03,1585139.5065789472
2025-04-07,1450003.1862068959
2025-04-11,1423208.5135135134
2025-04-15,1509216.645833333
2025-04-19,1649356.0287769784
2025-04-23,1572215.8771929825
2025-04-27,1603343.444444444
2025-05-01,1667663.8592592597
2025-05-05,1484893.6514285707
2025-05-09,1538478.228571429
2025-05-13,1578431.2230769235
2025-05-17,1495901.2657342653
2025-05-21,1700617.4027777775
2025-05-25,1452447.7152317879
2025-05-29,1422733.7987421385
2025-06-02,1446542.1578947369
2025-06-06,1576928.5895522393
2025-06-10,1427166.2071005912
2025-06-14,1100952.4701986758
2025-06-18,1510715.6071428575
2025-06-22,1416552.5140186914
2025-06-26,1534301.9426751593
2025-06-30,1377226.2551724138
2025-07-04,1274989.7798742135
2025-07-08,1473559.8521126756
2025-07-12,1484081.067114094
2025-07-16,1441360.9541984736
2025-07-20,1402411.2483221488
2025-07-24,1478335.0680272111
2025-07-28,1635249.5103448273
2025-08-01,1785556.947019868
2025-08-05,1662938.9782608694
2025-08-09,1607773.353448276
2025-08-13,1558119.7307692303
2025-08-17,1523958.684210526
2025-08-21,1598563.1342281878
2025-08-25,1599979.1347517734
2025-08-29,1511100.2727272736
2025-09-02,1551257.8404907982
2025-09-06,1514811.757142857
2025-09-10,1526476.3058823529
2025-09-14,1630762.8496732034
2025-09-18,1484959.367088608
2025-09-22,1569504.0333333344
2025-09-26,1510291.954545455
2025-09-30,1421767.8447204968
2025-10-04,1464861.7089552237
2025-10-08,1490948.7499999998
2025-10-12,1476928.6068965518
2025-10-16,1488770.1895424838
2025-10-20,1480019.3557046975
2025-10-24,1415097.2122905033
2025-10-28,1487130.8271604925
2025-11-01,1666406.4637681164
2025-11-05,1566430.2391304348
2025-11-09,1492776.1560283687
2025-11-16,1547019.2012578615
2025-11-20,1642247.4045801526
2025-11-24,1576091.2867132868
2025-11-28,1534038.413333333
2025-12-02,1590413.2362204723
2025-12-06,1432120.245398773
2025-12-10,1526232.2000000007
2025-12-14,1449261.4218749995
2025-12-18,1543872.6319444445
2025-12-22,1490567.9568345314
2025-12-26,1472723.487179487
2025-12-30,1549636.7563025218
2026-01-03,1473210.6709677416
2026-01-07,1606394.8979591844
2026-01-11,1734302.6721311484
2026-01-15,1538970.3309352521
2026-01-19,1825204.2400000002
2026-01-23,1581108.514285714
2026-01-27,1591673.1311475418
2026-01-31,1566354.2173913042
2026-02-04,1728706.2605633808
2026-02-08,1440529.270588235
2026-02-12,1580744.4350282496
2026-02-16,1631463.914285714
2026-02-20,1517235.7153284678
2026-02-24,1488797.0909090901
2026-02-28,1555100.4685314684
2026-03-04,1548918.7230769228
2026-03-08,1536233.119402985
2026-03-12,1615177.5581395347
2026-03-16,1566074.3920000007
2026-03-20,1569588.2089552234
2026-03-24,1594331.5919999997
2026-03-28,1474969.7241379316
2026-04-01,1661846.6543209876
2026-04-05,1540044.622641509
2026-04-09,1672366.340277777
2026-04-13,1651872.7500000002
2026-04-17,1591011.4964539008
2026-04-21,1550355.9111111113
2026-04-25,1585729.3071428572
2026-04-29,1954545.2283464563
2026-05-03,1447915.526315789
2026-05-07,1571272.126760563
2026-05-11,1532021.575757576
2026-05-15,1571166.1379310351
2026-05-19,1575803.9436619722
2026-05-23,1464137.945121951
2026-05-27,1603047.6642857145
