time,TxTfrValNtv
2010-08-28,12313.2799979
2010-09-01,16838.3400001
2010-09-05,30472.94
2010-09-09,17065.4200001
2010-09-13,28146.85
2010-09-17,69597.94
2010-09-21,16484.39
2010-09-25,23699.01
2010-09-29,24535.23
2010-10-03,36444.07
2010-10-07,94175.41
2010-10-11,24543.64
2010-10-15,39505.99
2010-10-19,36214.33
2010-10-23,21698.44
2010-10-27,86435.32
2010-10-31,47020.71
2010-11-04,125735.78
2010-11-08,416232.05
2010-11-12,13970.64
2010-11-16,30316.41
2010-11-20,44034.42
2010-11-24,24164.49
2010-11-28,12239.15
2010-12-02,38939.16
2010-12-06,66230.0359811601
2010-12-10,12543.86
2010-12-14,14767.32897246
2010-12-18,25904.97
2010-12-22,22677.21104348
2010-12-26,8531.09
2010-12-30,25788.7
2011-01-03,25985.56
2011-01-07,20063.7939999
2011-01-11,61592.57614891
2011-01-15,14321.01048576
2011-01-19,36488.51607629
2011-01-23,50205.95
2011-01-27,731892.97
2011-01-31,45147.6
2011-02-04,29739.23
2011-02-08,20586.35
2011-02-12,24250.96
2011-02-16,19232.76
2011-02-20,44346.16951424
2011-02-24,36492.38951424
2011-02-28,44853.20055008
2011-03-04,43852.28229293
2011-03-08,60213.65351798
2011-03-12,72446.57990595
2011-03-16,72857.87997888
2011-03-20,49815.52525632
2011-03-24,88048.45048576
2011-03-28,64854.19250001
2011-04-01,51114.44441377
2011-04-05,57774.74730001
2011-04-09,60593.8401
2011-04-13,71271.59777784
2011-04-17,692979.417500001
2011-04-21,90075.57507709
2011-04-25,46628.66214488
2011-04-29,210222.18622564
2011-05-03,107441.59753976
2011-05-07,94914.93415259
2011-05-11,106482.7601005
2011-05-15,212591.92178611
2011-05-19,57286.7685808
2011-05-23,90987.8191388701
2011-05-27,341354.70724468
2011-05-31,72841.97540986
2011-06-04,86006.18177037
2011-06-08,199884.44006399
2011-06-12,630341.72736816
2011-06-16,170574.69032468
2011-06-20,87441.48741444
2011-06-24,91307.3756180201
2011-06-28,110481.10214384
2011-07-02,88562.36582408
2011-07-06,75532.55781064
2011-07-10,61532.04764294
2011-07-14,52839.88805095
2011-07-18,201015.66719621
2011-07-22,65828.45507417
2011-07-26,64124.48687124
2011-07-30,48819.36457413
2011-08-03,94046.22458934
2011-08-07,101076.72525564
2011-08-11,60444.91504665
2011-08-29,48569.37409569
2011-09-02,55643.08533553
2011-09-06,81373.3291951999
2011-09-10,61160.84693594
2011-09-14,74521.4846252
2011-09-18,58428.07802115
2011-09-22,74489.18901054
2011-09-26,61650.79993864
2011-09-30,61262.50145082
2011-10-04,78435.00549652
2011-10-08,67601.75489023
2011-10-12,69646.61460159
2011-10-16,65366.5875019
2011-10-20,97412.86738937
2011-10-24,122965.77266283
2011-10-28,132052.32199967
2011-11-01,107841.09340949
2011-11-05,97705.39760815
2011-11-09,284325.45260912
2011-11-13,68369.8588738
2011-11-17,3081420.66066416
2011-11-21,4714677.13905644
2011-11-25,189433.43927112
2011-11-29,3007337.78828949
2011-12-03,3685137.56528274
2011-12-07,5759853.1419341
2011-12-11,302281.24919026
2011-12-15,151778.69334152
2011-12-19,173288.22019522
2011-12-23,112634.11971396
2011-12-27,94848.04086941
2011-12-31,85946.66659757
2012-01-04,139580.30543948
2012-01-08,112441.12517886
2012-01-12,130996.00964731
2012-01-16,164179.83117813
2012-01-20,128003.27501975
2012-01-24,167485.02152983
2012-01-28,112091.39667633
2012-02-01,166008.52870094
2012-02-05,118970.41624822
2012-02-09,89959.41793338
2012-02-13,214719.73685634
2012-02-17,188384.45596166
2012-02-21,129796.64830597
2012-02-25,168493.47280705
2012-02-29,119498.92391157
2012-03-04,92806.75502751
2012-03-08,125216.12673605
2012-03-12,122475.38399323
2012-03-16,149658.13463064
2012-03-20,166994.04553734
2012-03-24,108977.54672439
2012-03-28,149775.89668238
2012-04-01,97609.51919772
2012-04-05,135008.9628521
2012-04-09,362581.5874283
2012-04-13,209357.35231315
2012-04-17,178400.42226163
2012-04-21,203116.07459475
2012-04-25,203739.01041132
2012-04-29,168285.59639535
2012-05-03,165785.40422591
2012-05-07,227327.77752416
2012-05-11,271812.47151089
2012-05-15,256654.85396349
2012-05-19,197347.58727961
2012-05-23,242758.13085828
2012-05-27,216231.00341462
2012-05-31,525727.65054433
2012-06-04,345001.02971568
2012-06-08,259419.45188789
2012-06-12,277818.43323487
2012-06-16,272919.70453025
2012-06-20,320039.1397631
2012-06-24,285799.96647297
2012-06-28,234304.047454
2012-07-02,270940.70229306
2012-07-06,209352.32344873
2012-07-10,300305.09995743
2012-07-14,279670.86911178
2012-07-18,316887.58512606
2012-07-22,202515.3848798
2012-07-26,282119.9149959
2012-07-30,289004.26794721
2012-08-03,306971.35047939
2012-08-07,244427.3034898
2012-08-11,177177.96321515
2012-08-15,257476.2261848
2012-08-19,913653.23041628
2012-08-23,372726.74308903
2012-08-27,394716.13647632
2012-08-31,486867.88043682
2012-09-04,329214.12985171
2012-09-08,260182.64292149
2012-09-12,334865.49339417
2012-09-16,343128.64210614
2012-09-20,376466.29772746
2012-09-24,369204.74882906
2012-09-28,351974.60442139
2012-10-02,393993.633349579
2012-10-06,178707.41514945
2012-10-10,239525.40542711
2012-10-14,182084.86608375
2012-10-18,282881.13044481
2012-10-22,286285.32336152
2012-10-26,540576.87167429
2012-10-30,502985.57317562
2012-11-03,209464.59316139
2012-11-07,328871.72598362
2012-11-11,158364.24082143
2012-11-15,289210.20184523
2012-11-19,323727.12568836
2012-11-23,199335.46326773
2012-11-27,315857.10628145
2012-12-01,281483.67034382
2012-12-05,340834.77140534
2012-12-09,233222.25030992
2012-12-13,434994.87194507
2012-12-17,249679.38538447
2012-12-21,256091.76024866
2012-12-25,161603.66655146
2012-12-29,212853.9798376
2013-01-02,333145.03290743
2013-01-06,171047.45485087
2013-01-10,286295.80209577
2013-01-14,221083.78146802
2013-01-18,300106.99417314
2013-01-22,394755.95827732
2013-01-26,292070.6958673
2013-01-30,499217.95099667
2013-02-03,275880.77419393
2013-02-07,328435.68767932
2013-02-11,247965.40113493
2013-02-15,315916.8889714
2013-02-19,303914.01765057
2013-02-23,321342.1065149
2013-02-27,287699.19385652
2013-03-03,153902.88982888
2013-03-07,390468.29375192
2013-03-11,234044.5685671
2013-03-15,274015.69120536
2013-03-19,359620.83473885
2013-03-23,245023.82782496
2013-03-27,284781.67816787
2013-03-31,157758.61994749
2013-04-04,297783.69392127
2013-04-08,362406.50658142
2013-04-12,461957.32240668
2013-04-16,541816.07618154
2013-04-20,183846.28816334
2013-04-24,281505.66854262
2013-04-28,139728.3078556
2013-05-02,330768.09668799
2013-05-06,314474.32533327
2013-05-10,222930.38010619
2013-05-14,264787.43811775
2013-05-18,188230.10700316
2013-05-22,162032.18684446
2013-05-26,78026.5682155601
2013-05-30,217701.24885039
2013-06-03,280301.45792514
2013-06-07,232258.04477953
2013-06-11,172537.64461704
2013-06-15,128115.81741138
2013-06-19,141255.46868804
2013-06-23,127314.87765479
2013-06-27,150970.88620506
2013-07-01,294240.85828946
2013-07-05,341267.88263785
2013-07-09,384472.99759006
2013-07-13,305509.65131541
2013-07-17,391840.04799078
2013-07-21,162629.26352687
2013-07-25,204045.05804337
2013-07-29,197692.70584656
2013-08-02,191438.45372861
2013-08-06,159121.72343779
2013-08-10,137639.0072705
2013-08-14,246293.69830471
2013-08-18,107525.68651055
2013-08-22,183303.98887404
2013-08-26,183303.90503858
2013-08-30,198363.97211997
2013-09-03,228075.2465527
2013-09-07,112734.13141318
2013-09-11,146044.61500656
2013-09-15,100919.56253234
2013-09-19,243304.41580634
2013-09-23,198498.78234088
2013-09-27,179789.23183753
2013-10-01,312776.674611709
2013-10-05,105969.12529108
2013-10-09,195801.69557195
2013-10-13,163176.82893155
2013-10-17,159804.98718391
2013-10-21,242481.96168179
2013-10-25,381725.79260355
2013-10-29,290658.73834968
2013-11-02,125217.81637564
2013-11-06,228992.44527013
2013-11-10,241230.32399533
2013-11-14,299626.34115973
2013-11-18,368335.88987034
2013-11-22,661263.93476136
2013-11-26,329740.83584702
2013-11-30,200329.22413758
2013-12-04,202363.01481668
2013-12-08,178860.57563498
2013-12-12,112240.12961845
2013-12-16,515389.79618671
2013-12-20,191952.75495607
2013-12-24,311308.44873196
2013-12-28,85151.9695754699
2014-01-01,106343.40236551
2014-01-05,208434.86592725
2014-01-09,94032.34379223
2014-01-13,104066.78173818
2014-01-17,88969.53780863
2014-01-21,141461.13746929
2014-01-25,97751.81018512
2014-01-29,74777.9759026399
2014-02-02,65535.91028504
2014-02-06,158215.48387388
2014-02-10,157099.15127061
2014-02-14,133973.54061196
2014-02-18,134300.91308276
2014-02-22,99137.3940842001
2014-02-26,189572.17944006
2014-03-02,75695.56258802
2014-03-06,128912.26581491
2014-03-10,414882.85667508
2014-03-14,214523.03239995
2014-03-18,104327.69073806
2014-03-22,77899.33141568
2014-03-26,111743.86499405
2014-03-30,107435.50912975
2014-04-03,167430.51234296
2014-04-07,93787.75762246
2014-04-11,189792.19330236
2014-04-15,146588.5228901
2014-04-19,65153.43750932
2014-04-23,145143.83210425
2014-04-27,80297.23763664
2014-05-01,93342.84925307
2014-05-05,80913.85311907
2014-05-09,84492.73093777
2014-05-13,85427.11320973
2014-05-17,55678.25096352
2014-05-21,104909.41599271
2014-05-25,157753.0319567
2014-05-29,81077.5308734399
2014-06-02,121138.43824695
2014-06-06,105519.53753773
2014-06-10,166601.58810253
2014-06-14,89785.37890064
2014-06-18,92678.97969148
2014-06-22,60118.73247464
2014-06-26,114618.73736004
2014-06-30,105121.98098225
2014-07-04,72056.88757711
2014-07-08,74621.37379925
2014-07-12,59110.24632829
2014-07-16,112557.96867905
2014-07-20,44062.90511414
2014-07-24,120478.54475756
2014-07-28,94533.5479947199
2014-08-01,188295.31505111
2014-08-05,167104.23180348
2014-08-09,101546.45140336
2014-08-13,137558.54205171
2014-08-17,106309.25363632
2014-08-21,162912.19967594
2014-08-25,171653.58535171
2014-08-29,279467.40616986
2014-09-02,134935.01128931
2014-09-06,94964.06287104
2014-09-10,125326.0754818
2014-09-14,85596.3659704201
2014-09-18,175188.53869342
2014-09-22,105999.34744997
2014-09-26,119788.88724027
2014-09-30,163149.52827167
2014-10-04,185386.08544046
2014-10-08,206566.92188163
2014-10-12,119417.73181394
2014-10-16,140729.56877313
2014-10-20,135638.0351804
2014-10-24,173182.83798639
2014-10-28,135511.3128038
2014-11-01,113723.65639812
2014-11-05,193506.1718816
2014-11-09,114564.16948998
2014-11-13,391609.72388396
2014-11-17,191320.91123484
2014-11-21,151972.38077018
2014-11-25,214054.22311567
2014-11-29,161990.18051357
2014-12-03,200926.52770257
2014-12-07,134383.78930075
2014-12-11,200249.7424174
2014-12-15,196260.86042746
2014-12-19,201151.11277847
2014-12-23,219772.37593372
2014-12-27,140235.89247889
2014-12-31,179092.68028857
2015-01-04,289732.76800721
2015-01-08,332357.34812311
2015-01-12,210387.62499904
2015-01-16,306386.06620771
2015-01-20,212582.98280608
2015-01-24,191049.15769784
2015-01-28,203299.63049872
2015-02-01,150865.98337251
2015-02-05,247968.84149607
2015-02-09,240090.76687821
2015-02-13,251254.19276797
2015-02-17,188282.87703112
2015-02-21,131430.61752838
2015-02-25,225218.05099419
2015-03-01,142798.43442545
2015-03-05,274906.00779719
2015-03-09,300075.37846979
2015-03-13,202787.74814143
2015-03-17,168149.40690237
2015-03-21,146685.71705475
2015-03-25,233596.05788877
2015-03-29,132575.68678099
2015-04-02,208545.46398518
2015-04-06,153222.58253906
2015-04-10,242500.25796633
2015-04-14,245453.41668463
2015-04-18,159282.92142703
2015-04-22,200376.10311671
2015-04-26,173951.61068491
2015-04-30,233790.84157048
2015-05-04,211965.16548486
2015-05-08,220226.42279408
2015-05-12,215335.287348
2015-05-16,124502.6607068
2015-05-20,210262.02489277
2015-05-24,120198.31489406
2015-05-28,194320.04353086
2015-06-01,293193.03006128
2015-06-05,240038.8263035
2015-06-09,235709.12131514
2015-06-13,200502.73799918
2015-06-17,411475.94240052
2015-06-21,151446.41142095
2015-06-25,222018.79843963
2015-06-29,283233.82405788
2015-07-03,250144.83202626
2015-07-07,353726.79860164
2015-07-11,234825.05682691
2015-07-15,206832.67150256
2015-07-19,133778.21661903
2015-07-23,206320.94878373
2015-07-27,241514.74118363
2015-07-31,236947.21709547
2015-08-04,244590.57681949
2015-08-08,254156.78061496
2015-08-12,274967.14434635
2015-08-16,245407.11671351
2015-08-20,380175.88336705
2015-08-24,505841.59315985
2015-08-28,362617.658973
2015-09-01,331058.22172993
2015-09-05,187132.17745253
2015-09-09,328036.43287174
2015-09-13,201287.70960727
2015-09-17,302488.61385054
2015-09-21,370359.14163917
2015-09-25,303553.19412712
2015-09-29,363181.57960539
2015-10-03,182930.99399692
2015-10-07,366106.91259616
2015-10-11,175251.48832449
2015-10-15,359648.29763185
2015-10-19,382680.76594057
2015-10-23,320677.0768442
2015-10-27,421177.27133246
2015-10-31,399606.06560401
2015-11-04,878528.521427941
2015-11-08,308372.21400451
2015-11-12,540392.63051303
2015-11-16,489954.88705375
2015-11-20,411522.41221077
2015-11-24,311948.7380593
2015-11-28,327244.72087361
2015-12-02,532344.78286358
2015-12-06,540614.01369612
2015-12-10,421098.96039655
2015-12-14,483960.01038736
2015-12-18,420223.21669126
2015-12-22,528122.10780403
2015-12-26,408291.28071416
2015-12-30,241246.83188657
2016-01-03,157684.83976353
2016-01-07,359605.27521073
2016-01-11,281485.17082892
2016-01-15,377386.90423984
2016-01-19,250568.65654839
2016-01-23,244846.90338719
2016-01-27,447309.2927749
2016-01-31,275819.630545
2016-02-04,384970.8764084
2016-02-08,283892.78665765
2016-02-12,327358.41661998
2016-02-16,428893.97430063
2016-02-20,383124.88061029
2016-02-24,395292.67690831
2016-02-28,452647.93430393
2016-03-03,538701.42099953
2016-03-07,355450.42581579
2016-03-11,339157.9382308
2016-03-15,315998.54890191
2016-03-19,213215.92843033
2016-03-23,303546.15306141
2016-03-27,300045.52911553
2016-03-31,339434.62209977
2016-04-04,324009.96014837
2016-04-08,329163.88087454
2016-04-12,368413.0882534
2016-04-16,201099.21287681
2016-04-20,312840.67344034
2016-04-24,226589.90543625
2016-04-28,368717.66134962
2016-05-02,296119.37095572
2016-05-06,331551.68684109
2016-05-10,319690.12091436
2016-05-14,229083.61870243
2016-05-18,350989.87707011
2016-05-22,195047.09244153
2016-05-26,366492.05084309
2016-05-30,443918.37416393
2016-06-03,287879.09333085
2016-06-07,332598.82860135
2016-06-11,276052.78961848
2016-06-15,324638.79105023
2016-06-19,204060.80454326
2016-06-23,483458.76944204
2016-06-27,310738.80981788
2016-07-01,287653.08430155
2016-07-05,306489.20730895
2016-07-09,219760.55340615
2016-07-13,283542.30152771
2016-07-17,238754.52589272
2016-07-21,210476.21479115
2016-07-25,208950.93972428
2016-07-29,236799.97310573
2016-08-02,526025.08161964
2016-08-06,198259.47929402
2016-08-10,295914.43462436
2016-08-14,204889.29613573
2016-08-18,252107.30878018
2016-08-22,248080.29719998
2016-08-26,219382.30273333
2016-08-30,267173.20302585
2016-09-03,177025.4419439
2016-09-07,232712.82379183
2016-09-11,169842.46755403
2016-09-15,202780.22418711
2016-09-19,221106.54281165
2016-09-23,244997.91869828
2016-09-27,241334.59311108
2016-10-01,169585.73393699
2016-10-05,243263.08788519
2016-10-09,194970.65518565
2016-10-13,273226.9641572
2016-10-17,254761.97328032
2016-10-21,249142.28958803
2016-10-25,271794.07259416
2016-10-29,235841.56834165
2016-11-02,226415.0961
2016-11-06,162508.4138789
2016-11-10,262443.61350093
2016-11-14,238427.33527009
2016-11-18,262969.50151606
2016-11-22,298362.35515532
2016-11-26,249176.04233094
2016-11-30,279356.49219444
2016-12-04,131451.42837108
2016-12-08,304883.52170577
2016-12-12,274818.57252957
2016-12-16,307291.63428846
2016-12-20,308362.60751334
2016-12-24,223986.76289368
2016-12-28,344907.2166378
2017-01-01,170022.21641909
2017-01-05,528064.19396159
2017-01-09,305497.06751474
2017-01-13,310679.02359427
2017-01-17,334103.8026664
2017-01-21,230077.22279051
2017-01-25,298779.13314143
2017-01-29,145740.8333102
2017-02-02,214406.42570607
2017-02-06,213855.38526736
2017-02-10,298473.94673084
2017-02-14,233840.46352787
2017-02-18,170341.73594508
2017-02-22,197794.38637841
2017-02-26,171688.79323054
2017-03-02,348069.65023602
2017-03-06,229302.42438715
2017-03-10,274668.64675411
2017-03-14,279741.4260405
2017-03-18,381716.66528304
2017-03-22,370542.37360552
2017-03-26,242136.68131684
2017-03-30,334413.32312779
2017-04-03,315703.40945289
2017-04-07,345818.21691469
2017-04-11,290035.87153425
2017-04-15,230697.89961421
2017-04-19,252819.66835915
2017-04-23,170496.71241265
2017-04-27,302050.77798421
2017-05-01,318252.57181609
2017-05-05,375277.43163878
2017-05-09,442341.02894682
2017-05-13,250751.31640067
2017-05-17,523942.62644242
2017-05-21,266554.69422871
2017-05-25,508313.96085129
2017-05-29,252272.09723391
2017-06-02,296956.94054565
2017-06-06,311634.55408405
2017-06-10,237839.06149964
2017-06-14,310412.76914426
2017-06-18,208500.29865902
2017-06-22,258900.75077768
2017-06-26,285795.03353908
2017-06-30,306213.95133678
2017-07-04,218824.71327885
2017-07-08,222972.97267547
2017-07-12,238358.23582961
2017-07-16,238872.7911214
2017-07-20,260620.10265072
2017-07-24,205988.70116104
2017-07-28,478316.59613193
2017-08-01,505161.32127589
2017-08-05,311119.60604957
2017-08-09,241840.87304808
2017-08-13,233321.31147296
2017-08-17,313093.6035271
2017-08-21,202649.23936119
2017-08-25,175375.84051831
2017-08-29,248442.81227569
2017-09-02,200475.91673658
2017-09-06,292410.64806048
2017-09-10,202860.71804224
2017-09-14,282576.47917182
2017-09-18,204865.32804505
2017-09-22,198889.92837967
2017-09-26,199731.42338865
2017-09-30,153266.72812273
2017-10-04,143963.04255248
2017-10-08,150308.01909421
2017-10-12,208561.25738495
2017-10-16,202116.52169284
2017-10-20,187324.71909983
2017-10-24,384097.02156606
2017-10-28,111884.72022889
2017-11-01,295054.37745219
2017-11-05,179787.82309936
2017-11-09,326073.31205169
2017-11-13,328110.96599336
2017-11-17,363158.90489247
2017-11-21,321615.07547251
2017-11-25,272023.83708873
2017-11-29,410182.88249716
2017-12-03,182266.08985881
2017-12-07,346848.43891747
2017-12-11,255636.32479309
2017-12-15,238357.18688361
2017-12-19,212627.84463853
2017-12-23,160500.92664724
2017-12-27,304698.556495
2017-12-31,237745.33504809
2018-01-04,266691.83551222
2018-01-08,267166.4271006
2018-01-12,234452.1163729
2018-01-16,270303.67202109
2018-01-20,210298.64211444
2018-01-24,186181.46222014
2018-01-28,167401.01736077
2018-02-01,279146.56376038
2018-02-05,257877.68071212
2018-02-09,199472.83091889
2018-02-13,146929.34577495
2018-02-17,80893.89617716
2018-02-21,145459.85457672
2018-02-25,76897.66460255
2018-03-01,190547.6522974
2018-03-05,136451.97474105
2018-03-09,209952.82852803
2018-03-13,155930.19963723
2018-03-17,87993.26009963
2018-03-21,116440.08659449
2018-03-25,105825.41526348
2018-03-29,150158.72822356
2018-04-02,110068.82873236
2018-04-06,108538.67894632
2018-04-10,120032.31391682
2018-04-14,64658.99849488
2018-04-18,102568.57977623
2018-04-22,75772.24207642
2018-04-26,153472.32939378
2018-04-30,111808.71123176
2018-05-04,147326.30019705
2018-05-08,141050.96343243
2018-05-12,108590.35837089
2018-05-16,163709.18621139
2018-05-20,60574.81708491
2018-05-24,132765.30943142
2018-05-28,142198.95375539
2018-06-01,115082.96418138
2018-06-05,100695.49782987
2018-06-09,67150.24534698
2018-06-13,162000.16368328
2018-06-17,66538.79284904
2018-06-21,106868.49577031
2018-06-25,110438.13308687
2018-06-29,110801.81275775
2018-07-03,133468.22434974
2018-07-07,56348.7283069
2018-07-11,110950.30883423
2018-07-15,56376.2719242
2018-07-19,134422.75978267
2018-07-23,121830.82924959
2018-07-27,110689.70702294
2018-07-31,115565.8388714
2018-08-04,65849.13586153
2018-08-08,121965.4515345
2018-08-12,52911.9729427
2018-08-16,108291.35438602
2018-08-20,100254.08704014
2018-08-24,101079.93408633
2018-08-28,139981.86373915
2018-09-01,74829.35577503
2018-09-05,133041.21616556
2018-09-09,74324.23464826
2018-09-13,193728.12236403
2018-09-17,89722.98460494
2018-09-21,147934.62604296
2018-09-25,132989.31304651
2018-09-29,70886.84278193
2018-10-03,114587.95392339
2018-10-07,38328.30629141
2018-10-11,142521.04483277
2018-10-15,219303.98403101
2018-10-19,130794.88090176
2018-10-23,113622.78920733
2018-10-27,59305.67537731
2018-10-31,128050.18334012
2018-11-04,82401.40320903
2018-11-08,119749.93119902
2018-11-12,118353.34336074
2018-11-16,195693.85675478
2018-11-20,325080.78370828
2018-11-24,96368.50508279
2018-11-28,198420.8828308
2018-12-02,84399.89901707
2018-12-06,385583.72007886
2018-12-10,152111.12871128
2018-12-14,161726.03180085
2018-12-18,205069.82277401
2018-12-22,78988.75477337
2018-12-26,111855.64573318
2018-12-30,70586.78146794
2019-01-03,152925.79042141
2019-01-07,154837.02139319
2019-01-11,297947.55517708
2019-01-15,348323.10458262
2019-01-19,84470.37134261
2019-01-23,151170.07561375
2019-01-27,63071.67360757
2019-01-31,167866.0628049
2019-02-04,103575.76117164
2019-02-08,158595.25843566
2019-02-12,138142.67996208
2019-02-16,101428.20292054
2019-02-20,178208.3140972
2019-02-24,108635.19590087
2019-02-28,245556.34406393
2019-03-04,137268.22340606
2019-03-08,160504.72437379
2019-03-12,164931.86118135
2019-03-16,90730.23507401
2019-03-20,162646.42262987
2019-03-24,72780.07074657
2019-03-28,155941.90310641
2019-04-01,155390.74697761
2019-04-05,180381.78201955
2019-04-09,167990.22142613
2019-04-13,83263.81881773
2019-04-17,171738.83238288
2019-04-21,68286.91642286
2019-04-25,152066.33212761
2019-04-29,172075.30775826
2019-05-03,152155.69727802
2019-05-07,177595.02173519
2019-05-11,131579.59075195
2019-05-15,198020.70360707
2019-05-19,97929.59368752
2019-05-23,153387.20490157
2019-05-27,150159.16242456
2019-05-31,256927.39166215
2019-06-04,280734.76665631
2019-06-08,67690.31198778
2019-06-12,144661.68561544
2019-06-16,113396.71107492
2019-06-20,127131.75403832
2019-06-24,162159.63476205
2019-06-28,226300.96991682
2019-07-02,176786.25751301
2019-07-06,55943.183519
2019-07-10,247870.63610733
2019-07-14,81605.58819967
2019-07-18,134969.50013804
2019-07-22,98420.7729356
2019-07-26,101682.87454626
2019-07-30,134472.21660018
2019-08-03,49489.70569195
2019-08-07,130654.66795797
2019-08-11,50796.55118959
2019-08-15,157860.18002437
2019-08-19,96302.95965429
2019-08-23,209079.16498869
2019-08-27,127327.35488588
2019-08-31,55968.09335583
2019-09-04,128396.25234277
2019-09-08,69901.47325902
2019-09-12,178043.4328582
2019-09-16,148816.44913063
2019-09-20,172299.50629295
2019-09-24,339444.10141853
2019-09-28,71069.8617817
2019-10-02,91372.94712638
2019-10-06,54971.26281243
2019-10-10,124093.63300066
2019-10-14,206989.97978652
2019-10-18,131496.99590386
2019-10-22,121364.44195336
2019-10-26,133866.29826938
2019-10-30,101612.73037051
2019-11-03,85660.1188983599
2019-11-07,152471.28377145
2019-11-11,81787.8559671401
2019-11-15,140223.79030358
2019-11-19,113824.573069
2019-11-23,159423.02874143
2019-11-27,210101.21294546
2019-12-01,55712.18236208
2019-12-05,113328.87037195
2019-12-09,132096.01481823
2019-12-13,126104.70553378
2019-12-17,251807.08287984
2019-12-21,67721.75703059
2019-12-25,119669.63620597
2019-12-29,51871.88810028
2020-01-02,98003.465802
2020-01-06,127638.22034273
2020-01-10,162847.24910828
2020-01-14,335665.94334151
2020-01-18,77864.56200069
2020-01-22,144608.58591928
2020-01-26,44461.50905508
2020-01-30,181443.87730608
2020-02-03,376635.80029822
2020-02-07,184460.94895744
2020-02-11,231748.72092039
2020-02-15,108897.55133657
2020-02-19,185797.30231446
2020-02-23,74613.19616453
2020-02-27,230954.56873809
2020-03-02,139816.94722347
2020-03-06,174643.04681735
2020-03-10,206714.51548543
2020-03-14,214808.18146319
2020-03-18,206422.87703623
2020-03-22,116149.63921555
2020-03-26,147571.32200352
2020-03-30,169545.63568834
2020-04-03,146105.13705116
2020-04-07,209308.56775407
2020-04-11,68136.03344977
2020-04-15,148529.93386735
2020-04-19,63892.93460417
2020-04-23,176407.82845698
2020-04-27,161589.25019418
2020-05-01,224914.91089891
2020-05-05,129613.11786582
2020-05-09,193480.57545977
2020-05-13,204217.30316259
2020-05-17,57448.06017708
2020-05-21,198429.80866881
2020-05-25,270424.20055243
2020-05-29,174955.09131375
2020-06-02,269856.47558314
2020-06-06,60040.87647443
2020-06-10,121166.76327399
2020-06-14,48809.12416476
2020-06-18,126594.8076192
2020-06-22,144350.81956594
2020-06-26,216139.18236848
2020-06-30,105381.41040472
2020-07-04,65853.25112188
2020-07-08,168963.39771102
2020-07-12,52038.28606021
2020-07-16,138881.66240032
2020-07-20,115174.80670189
2020-07-24,165485.21008473
2020-07-28,247901.53996404
2020-08-01,110125.76372457
2020-08-05,120526.43279489
2020-08-09,70244.03826157
2020-08-13,147604.36547487
2020-08-17,168397.06450122
2020-08-21,129046.70785575006
2020-08-25,136983.09553248997
2020-08-29,81346.11833217996
2020-09-02,182860.61712774006
2020-09-06,92445.78406697
2020-09-10,146146.67801436002
2020-09-14,156009.63340145
2020-09-18,177236.43349251992
2020-09-22,154965.64202564996
2020-09-26,74160.39488330999
2020-09-30,145528.2810982
2020-10-04,59889.36436076999
2020-10-08,145781.9892372799
2020-10-12,132805.27278606
2020-10-16,152867.05156987003
2020-10-20,139952.75314706005
2020-10-24,78368.12347480995
2020-10-28,187898.01163798006
2020-11-01,86295.05041193997
2020-11-05,348418.6143041401
2020-11-09,177538.4853910999
2020-11-13,163123.30853356994
2020-11-17,181281.85333922997
2020-11-21,120634.32170732995
2020-11-25,187608.88242723997
2020-11-29,75273.85776333
2020-12-03,141981.73842658996
2020-12-07,109478.32196920007
2020-12-11,162206.33931064003
2020-12-15,160706.07545407003
2020-12-19,118538.22597463
2020-12-23,273159.57702678005
2020-12-27,173299.87122454
2020-12-31,195528.20735462997
2021-01-04,234965.05398174
2021-01-08,222609.08169237996
2021-01-12,209957.30793954004
2021-01-16,69617.32967057
2021-01-20,145190.37490666003
2021-01-24,61031.89430091996
2021-01-28,156961.96833171003
2021-02-01,136226.08185362996
2021-02-05,163706.56414459998
2021-02-09,232063.37849380999
2021-02-13,77650.76285361001
2021-02-17,151209.80276913996
2021-02-21,136889.62943017995
2021-02-25,161757.85726635004
2021-03-01,123112.49439479002
2021-03-05,179641.40703516998
2021-03-09,134692.73664909002
2021-03-13,106924.79315580004
2021-03-17,114193.03355128004
2021-03-21,63859.55675437001
2021-03-25,143962.96524558
2021-03-29,115433.5345159
2021-04-02,109663.88408504
2021-04-06,194745.41427442996
2021-04-10,101354.7874505
2021-04-14,148963.53949102
2021-04-18,210752.96808619003
2021-04-22,157972.36281669993
2021-04-26,131967.16325130998
2021-04-30,144912.82441732002
2021-05-04,139504.71181667998
2021-05-08,79085.07534623992
2021-05-12,230793.94513739008
2021-05-16,122786.69463313
2021-05-20,302706.7627693601
2021-05-24,193504.05495958996
2021-05-28,149454.96172689003
2021-06-01,148579.26866725998
2021-06-05,60287.980412790006
2021-06-09,116051.36336524998
2021-06-13,42109.398619559994
2021-06-17,89449.54939378999
2021-06-21,143916.13694339007
2021-06-25,131555.63487137
2021-06-29,92676.59625325
2021-07-03,44635.85969855
2021-07-07,69820.13769948999
2021-07-11,40238.941236670005
2021-07-15,111112.10250354995
2021-07-19,96477.00000923005
2021-07-23,77662.88075568
2021-07-27,194203.67584961
2021-07-31,46111.694230629975
2021-08-04,105169.56192678004
2021-08-08,64611.06558272001
2021-08-12,76612.52767505997
2021-08-16,92750.85873921
2021-08-20,119052.04587741997
2021-08-24,85096.33595319005
2021-08-28,37355.89089151
2021-09-01,114073.11146593
2021-09-05,39582.06791013
2021-09-09,115492.13567961004
2021-09-13,97705.78207981006
2021-09-17,69650.11100462003
2021-09-21,89853.07056703
2021-09-25,35194.4086524
2021-09-29,72195.87669471
2021-10-03,41557.00909176004
2021-10-07,129879.95162871
2021-10-11,90447.96070062995
2021-10-15,134826.05645759005
2021-10-19,121998.86661381996
2021-10-23,45134.15790074001
2021-10-27,103462.54930636998
2021-10-31,50315.367885230015
2021-11-04,77966.28840901
2021-11-08,119452.26440912997
2021-11-12,98257.56368098997
2021-11-16,172619.97947002988
2021-11-20,49278.099965259986
2021-11-24,100473.84113069002
2021-11-28,34328.362514490014
2021-12-02,135512.53324978997
2021-12-06,155029.12461308995
2021-12-10,96269.99303367999
2021-12-15,76179.90056159
2021-12-19,25449.64662415
2021-12-25,106268.26495186999
2021-12-29,131348.94646207994
2022-01-02,30402.677093629998
2022-01-06,138172.89238369
2022-01-10,102343.59557130001
2022-01-14,94804.90872750002
2022-01-18,82626.61526040999
2022-01-22,147460.49063709998
2022-01-26,125466.59237445003
2022-01-30,170445.63011344994
2022-02-03,103723.06736606997
2022-02-07,123921.03279179001
2022-02-11,146995.58341185996
2022-02-15,136575.63913294
2022-02-19,40499.18342304999
2022-02-23,78757.00689969001
2022-02-27,47576.50567775003
2022-03-03,105955.36488660997
2022-03-07,119315.27416087998
2022-03-11,134710.86432169998
2022-03-15,90413.32526172
2022-03-19,53237.29065113001
2022-03-23,93649.44800329997
2022-03-27,91042.01759302999
2022-03-31,165565.37098408994
2022-04-04,107249.81232902005
2022-04-08,74311.35798644
2022-04-12,88775.69915494004
2022-04-16,43994.79095343003
2022-04-20,129884.48683985003
2022-04-24,43976.38096912
2022-04-28,119666.93835573005
2022-05-02,121747.56165092003
2022-05-06,178845.09072825994
2022-05-10,353326.6425738501
2022-05-14,152817.15037629995
2022-05-18,159157.42184472003
2022-05-22,56844.51621337998
2022-05-26,137559.50509726003
2022-05-30,116395.64687798999
2022-06-03,141630.42125045002
2022-06-07,142498.6757929399
2022-06-11,93859.33301144003
2022-06-15,464178.72879282996
2022-06-19,158972.03422706993
2022-06-23,150433.17393286995
2022-06-27,220261.61333106004
2022-07-01,232887.18886676
2022-07-05,111537.31812487007
2022-07-09,102620.32926769997
2022-07-13,121559.36710147001
2022-07-17,89708.63502940992
2022-07-21,285520.20005107997
2022-07-25,102029.98874885995
2022-07-29,130123.47794985001
2022-08-02,105047.30347648
2022-08-06,37171.987485670004
2022-08-10,151957.6153111
2022-08-14,40107.04241531
2022-08-18,103271.58848564004
2022-08-22,111203.93170564002
2022-08-26,107070.91116334999
2022-08-30,154070.15497739002
2022-09-03,44309.36154835002
2022-09-07,134478.58496315996
2022-09-11,48645.863410570026
2022-09-15,104694.91050452
2022-09-19,156789.08247634998
2022-09-23,128501.38185746004
2022-09-27,161267.32774199007
2022-10-01,58362.53747862996
2022-10-05,138613.61100538998
2022-10-09,36016.910102669994
2022-10-13,126550.70381975007
2022-10-17,105025.23841749
2022-10-21,81538.80232281
2022-10-25,102927.49929828
2022-10-29,65975.69104714999
2022-11-02,116834.66591761999
2022-11-06,70645.36961165
2022-11-10,321448.46821203
2022-11-14,249897.19591568003
2022-11-18,380947.7186937702
2022-11-22,165187.9453408401
2022-11-26,73006.08261423999
2022-11-30,125676.97722498
2022-12-04,47497.93899903002
2022-12-08,113981.26200627994
2022-12-12,103777.76559315
2022-12-16,131595.27108973003
2022-12-20,122862.26633830997
2022-12-24,60977.16896175997
2022-12-28,115663.03057508003
2023-01-01,57947.45603425
2023-01-05,125408.18788017001
2023-01-09,102295.23039462007
2023-01-13,129019.50106531002
2023-01-17,126112.2576408999
2023-01-21,107067.8328077301
2023-01-25,131611.20186235997
2023-01-29,42823.67840651001
2023-02-02,98632.52594629
2023-02-06,82775.37014625002
2023-02-10,129629.39050036
2023-02-14,116569.52323572997
2023-02-18,55950.964416360024
2023-02-22,105628.40791830998
2023-02-26,35626.29864418001
2023-03-02,89085.09385597003
2023-03-06,96900.63773690001
2023-03-10,157080.48367760002
2023-03-14,206101.84454782997
2023-03-18,81472.87212926999
2023-03-22,145937.79993515
2023-03-26,35489.11324739
2023-03-30,192123.50899034986
2023-04-03,86694.49667146002
2023-04-07,59444.03974252
2023-04-11,183916.5415353601
2023-04-15,48209.05597668998
2023-04-19,95200.40108497007
2023-04-23,41100.75879907002
2023-04-27,94644.55048321004
2023-05-01,90802.23671182999
2023-05-05,85623.22897196001
2023-05-09,82628.11812911
2023-05-13,36932.84018539999
2023-05-17,91389.04581316999
2023-05-21,29325.638771109992
2023-05-25,128399.92822881002
2023-05-29,91866.39412597002
2023-06-02,114777.1693271
2023-06-06,117855.00084924996
2023-06-10,89015.38224302001
2023-06-14,126989.85317369006
2023-06-18,73432.92108774999
2023-06-22,148744.83389623996
2023-06-26,115973.72705839995
2023-06-30,171906.3340931499
2023-07-04,99322.51531197003
2023-07-08,57181.356563380024
2023-07-12,126989.42044333994
2023-07-17,108475.68607587996
2023-07-21,111892.45116310999
2023-07-25,89725.72811526002
2023-07-29,54553.39654697997
2023-08-02,117426.01232016005
2023-08-06,42143.11165594001
2023-08-10,107597.84090090002
2023-08-14,112203.59872487001
2023-08-18,149803.18278903997
2023-08-22,107913.48767329997
2023-08-26,41165.93854830998
2023-08-30,130521.97977855004
2023-09-03,40573.68244339
2023-09-07,85080.08566293998
2023-09-11,91193.64909583003
2023-09-15,98924.14948380998
2023-09-19,94431.32100475
2023-09-23,57813.36531439002
2023-09-27,98530.26317013003
2023-10-01,49528.16135338001
2023-10-05,94936.93528604001
2023-10-09,78058.63661442006
2023-10-13,90214.75890147005
2023-10-17,150538.88541966002
2023-10-21,57830.07218786
2023-10-25,157654.80647143014
2023-10-29,50291.52964954
2023-11-02,126227.42151375004
2023-11-06,101205.80155005002
2023-11-10,150674.0326687699
2023-11-15,113125.79447287998
2023-11-19,41586.99294363998
2023-11-23,101490.09409193997
2023-11-27,149026.09757649005
2023-12-01,143167.64559459002
2023-12-05,174185.0132638699
2023-12-09,71179.35915369993
2023-12-13,90920.05748991997
2023-12-17,54566.01475173
2023-12-21,98484.57271900006
2023-12-25,62786.55157338999
2023-12-29,177882.25145740996
2024-01-02,145526.77535483008
2024-01-06,80030.84360323996
2024-01-10,186881.29121388006
2024-01-14,63241.72712857001
2024-01-18,219747.72260244004
2024-01-22,230770.47033780994
2024-01-26,236065.82554279995
2024-01-30,239788.54954967
2024-02-03,45819.64913369998
2024-02-07,134636.19338254002
2024-02-11,71252.12120494989
2024-02-15,183401.2761469401
2024-02-19,92579.36385569004
2024-02-23,154642.81657571995
2024-02-27,217891.28305998002
2024-03-02,56427.36408145998
2024-03-06,297300.96451121
2024-03-10,83170.59843322003
2024-03-14,228371.35267339996
2024-03-18,176248.88823467004
2024-03-22,192869.54399520002
2024-03-26,219534.65223003007
2024-03-30,69950.65430110997
2024-04-03,174538.23667225
2024-04-07,72211.39735044
2024-04-11,121485.19103152999
2024-04-15,177955.4124551201
2024-04-19,148210.21958310998
2024-04-23,109283.30421253
2024-04-27,51479.23765236999
2024-05-01,150070.34447579997
2024-05-05,25225.346225169986
2024-05-09,75226.89643753003
2024-05-13,91850.68010179004
2024-05-17,117490.85903929999
2024-05-21,156420.2728083399
2024-05-25,29227.23630118
2024-05-29,94104.78755007997
2024-06-02,24141.21555844
2024-06-06,106445.65392700002
2024-06-10,101440.64751798002
2024-06-14,116742.07703110001
2024-06-18,125080.45618688999
2024-06-22,84459.62185571
2024-06-26,106389.71980544
2024-07-01,114319.63961915998
2024-07-05,304202.89921388
2024-07-09,137520.80033226
2024-07-13,47037.43967714998
2024-07-17,118975.64447465005
2024-07-21,37138.39250192998
2024-07-25,121616.44331942
2024-07-29,144819.71872774992
2024-08-02,153427.09497822993
2024-08-06,121638.16845454
2024-08-10,63053.215320670024
2024-08-14,116536.52553099999
2024-08-18,30790.729698829986
2024-08-22,95129.96813056001
2024-08-26,95750.53435267998
2024-08-30,124015.86162797
2024-09-03,102791.04179081002
2024-09-07,27936.507460710014
2024-09-11,87641.14376736
2024-09-15,25880.475816640002
2024-09-19,130952.17337925002
2024-09-23,110088.38807601
2024-09-27,129847.57789366004
2024-10-01,129622.1577305
2024-10-05,43915.17277343
2024-10-09,108383.69672177001
2024-10-13,25422.76122754
2024-10-17,129791.96978448002
2024-10-21,127291.99250479
2024-10-25,120888.83320406002
2024-10-29,196561.35638438005
2024-11-02,33429.77773244001
2024-11-06,223393.72935641994
2024-11-10,110690.88195181
2024-11-14,270090.24879934
2024-11-19,193868.81523410988
2024-11-23,115004.59423768
2024-11-27,133068.16330105002
2024-12-01,42943.048817920004
2024-12-05,220681.90157122992
2024-12-09,171836.79277973
2024-12-13,175472.56712800002
2024-12-17,150308.18660493003
2024-12-21,70497.24641687998
2024-12-25,55509.37289147999
2024-12-29,55111.059615990016
2025-01-02,63231.46349058999
2025-01-06,106495.75123878001
2025-01-10,87131.83742224998
2025-01-14,88188.49503643998
2025-01-18,51936.69142879001
2025-01-22,129662.72371885997
2025-01-26,26554.361236610006
2025-01-30,70272.61548499
2025-02-03,186400.16558643
2025-02-07,89172.21714083006
2025-02-11,97600.95342099003
2025-02-15,29032.60973731
2025-02-19,82980.93683152998
2025-02-23,43251.49196287003
2025-02-27,152607.98866666004
2025-03-03,143352.60005146998
2025-03-07,114220.73194329
2025-03-11,130005.96731969998
2025-03-15,23978.16686672999
2025-03-19,86903.53325355005
2025-03-23,21097.48936169
2025-03-27,86292.76765013002
2025-03-31,118648.48172068
2025-04-04,105283.60618314
2025-04-08,100588.80438255999
2025-04-12,38106.676940640005
2025-04-16,107631.91921450994
2025-04-20,26391.050374669976
2025-04-24,151125.65750576003
2025-04-28,122046.10573630998
2025-05-02,106821.64463806996
2025-05-06,102557.5080475
2025-05-10,35242.66703230001
2025-05-14,88696.92004122003
2025-05-18,41005.48002846998
2025-05-22,144581.37073659
2025-05-26,84128.51042997002
2025-05-30,114441.21372795003
2025-06-03,108173.84356052999
2025-06-07,34959.3610701
2025-06-11,79723.63088702
2025-06-15,29904.244394870002
2025-06-19,50180.796544899975
2025-06-23,94315.33838534002
2025-06-28,31097.101838999995
2025-07-02,90890.25868424994
2025-07-06,26310.55156176001
2025-07-10,102788.05926639997
2025-07-14,235052.15147627998
2025-07-18,143981.53900570006
2025-07-22,119415.30583445997
2025-07-26,42116.46886455999
2025-07-30,89008.85931056004
2025-08-03,32914.54984487
2025-08-07,77354.85449797001
2025-08-11,97226.39482139001
2025-08-15,118544.57523323996
2025-08-19,125673.77717487997
2025-08-23,69864.26387127004
2025-08-27,92455.75216267002
2025-08-31,42459.620104659996
2025-09-04,97479.85161483
2025-09-08,68472.57326382003
2025-09-12,119950.99491243005
2025-09-16,95060.14163452997
2025-09-20,56113.9379623
2025-09-24,97600.27836607001
2025-09-28,41200.828144589985
2025-10-02,154903.1230271
2025-10-06,135410.93626760997
2025-10-10,129209.38869059001
2025-10-14,174064.82567448006
2025-10-18,49466.9277942
2025-10-22,141112.97882927992
2025-10-26,60716.37936568999
2025-10-30,133306.12137997005
2025-11-03,132934.68068265993
2025-11-07,211449.15030838005
2025-11-11,104587.45996221995
2025-11-15,58775.836249449996
2025-11-19,191714.76735163998
2025-11-23,210284.44049084003
2025-11-27,99182.71522846994
2025-12-01,155833.04245539007
2025-12-05,113460.30515090999
2025-12-09,105559.7755715
2025-12-13,44478.118546040016
2025-12-17,142810.62275886
2025-12-21,28522.44517350001
2025-12-25,34436.06582332998
2025-12-29,204341.06918392997
2026-01-02,100089.24139228999
2026-01-06,119316.07610386
2026-01-10,89598.92895526002
2026-01-14,136000.10635727
2026-01-18,24730.915598120002
2026-01-22,117952.54613905004
2026-01-26,87436.72733284994
2026-01-30,178114.61969904
2026-02-03,173150.55718478994
2026-02-07,88104.82898806002
2026-02-11,126342.80137778
2026-02-15,27741.567330269998
2026-02-19,83864.45789447999
2026-02-23,91688.07274418994
2026-02-27,87058.16141474
2026-03-03,119208.56984647001
2026-03-07,29926.52133782999
2026-03-11,114528.59956158
2026-03-15,49131.36723948999
2026-03-19,81622.46367337999
2026-03-23,91051.33746008002
2026-03-27,129836.58298612997
2026-03-31,109013.09264824002
2026-04-04,21521.247465049997
2026-04-08,83035.48050137002
2026-04-12,22071.786592749995
2026-04-16,91620.30711955004
2026-04-20,149153.22167118997
2026-04-24,138440.87537986998
2026-04-28,89855.94124168003
2026-05-02,26796.945168899994
2026-05-06,94654.94824000998
2026-05-10,20501.23501633001
2026-05-14,94556.67431459007
2026-05-18,96604.41196242
2026-05-22,74462.80250751003
2026-05-26,77538.16980885
