time,CDD
2022-06-12,7647490.02
2022-06-13,29992257.49
2022-06-14,23638847.22
2022-06-15,24182454.09
2022-06-16,10515914.72
2022-06-17,74413148.81
2022-06-18,17705395.22
2022-06-19,5877593.1
2022-06-20,6510791.94
2022-06-21,10594288.72
2022-06-22,9509449.14
2022-06-23,4695184.5
2022-06-24,9746515.85
2022-06-25,16735615.49
2022-06-26,1663831.3
2022-06-27,7085104.81
2022-06-28,9174825.28
2022-06-29,14252878.46
2022-06-30,15087772.55
2022-07-01,7964404.33
2022-07-02,3936360.6
2022-07-03,7662537.33
2022-07-04,3029502.43
2022-07-05,4426134.7
2022-07-06,9438399.4
2022-07-07,4337408.91
2022-07-08,6804124.27
2022-07-09,4399376.8
2022-07-10,2146988.55
2022-07-11,19375257.6
2022-07-12,5818508.99
2022-07-13,2738708.84
2022-07-14,8103763.61
2022-07-15,13817729.36
2022-07-16,2438591.77
2022-07-17,1626179.49
2022-07-18,6764434.54
2022-07-19,41134697.73
2022-07-20,9609003.36
2022-07-21,35425558.43
2022-07-22,9602206.62
2022-07-23,5213373.51
2022-07-24,2935579.63
2022-07-25,6775942.44
2022-07-26,6159409.01
2022-07-27,4289816.12
2022-07-28,3850971.37
2022-07-29,4617012.13
2022-07-30,2475279.85
2022-07-31,4770988.95
2022-08-01,3387905.32
2022-08-02,5948458.07
2022-08-03,4406927.01
2022-08-04,10329781.32
2022-08-05,3123990.85
2022-08-06,3579035.47
2022-08-07,4015909.04
2022-08-08,4495307.08
2022-08-09,10077631.35
2022-08-10,16017530.92
2022-08-11,4473027.27
2022-08-12,5229456.38
2022-08-13,2309615.77
2022-08-14,1951500.21
2022-08-15,3752111.43
2022-08-16,3359092.49
2022-08-17,5527987.16
2022-08-18,6133388.96
2022-08-19,8163291.47
2022-08-20,2897074.67
2022-08-21,1607583.62
2022-08-22,5539812.14
2022-08-23,5141062.63
2022-08-24,3939225.99
2022-08-25,3736697.5
2022-08-26,5988482.58
2022-08-27,3810356.02
2022-08-28,17678106.92
2022-08-29,19099449.07
2022-08-30,11159049.24
2022-08-31,3790443.32
2022-09-01,5856924.41
2022-09-02,6234917.02
2022-09-03,3316602.81
2022-09-04,17554531.24
2022-09-05,3417103.67
2022-09-06,11598014.09
2022-09-07,7133583.24
2022-09-08,4332184.51
2022-09-09,4684981.61
2022-09-10,3030724.79
2022-09-11,2978965.19
2022-09-12,4366594.76
2022-09-13,15856524.64
2022-09-14,7235696.16
2022-09-15,6784476.88
2022-09-16,3283774.8
2022-09-17,2340974.33
2022-09-18,1630420.06
2022-09-19,12858816.94
2022-09-20,5843870.97
2022-09-21,7102218.1
2022-09-22,4737607.0
2022-09-23,4640268.68
2022-09-24,1558911.88
2022-09-25,2602194.81
2022-09-26,4669481.21
2022-09-27,11332785.91
2022-09-28,5997583.83
2022-09-29,6084241.98
2022-09-30,8604217.14
2022-10-01,2333611.88
2022-10-02,2078259.1
2022-10-03,4417340.58
2022-10-04,5426435.56
2022-10-05,7507956.74
2022-10-06,5138371.67
2022-10-07,6666489.78
2022-10-08,4772693.43
2022-10-09,1727747.74
2022-10-10,4601216.48
2022-10-11,6628227.6
2022-10-12,9557360.53
2022-10-13,4852511.04
2022-10-14,4864867.56
2022-10-15,1872342.68
2022-10-16,3246663.25
2022-10-17,23288537.65
2022-10-18,55440353.51
2022-10-19,7995619.68
2022-10-20,3290653.87
2022-10-21,4619512.71
2022-10-22,13683238.73
2022-10-23,2470118.71
2022-10-24,4484706.73
2022-10-25,12205934.84
2022-10-26,19296391.99
2022-10-27,12449072.85
2022-10-28,4720107.54
2022-10-29,3498439.17
2022-10-30,2999868.31
2022-10-31,6355072.57
2022-11-01,6837680.37
2022-11-02,18257688.51
2022-11-03,8111228.74
2022-11-04,38348527.59
2022-11-05,9191909.59
2022-11-06,8998361.43
2022-11-07,20884341.06
2022-11-08,13906201.74
2022-11-09,26458268.21
2022-11-10,16758468.34
2022-11-11,47377058.6
2022-11-12,31000185.56
2022-11-13,4513830.73
2022-11-14,14050823.24
2022-11-15,14254159.21
2022-11-16,35273272.05
2022-11-17,18932517.79
2022-11-18,75567840.22
2022-11-19,4095900.64
2022-11-20,9319512.67
2022-11-21,12878387.08
2022-11-22,16431966.23
2022-11-23,86631878.06
2022-11-24,8826635.79
2022-11-25,6015347.53
2022-11-26,4114668.95
2022-11-27,3726166.24
2022-11-28,9739824.62
2022-11-29,8501369.77
2022-11-30,7222603.14
2022-12-01,13948805.69
2022-12-02,9087071.16
2022-12-03,3141516.68
2022-12-04,5679146.5
2022-12-05,16828044.5
2022-12-06,7716839.0
2022-12-07,5344836.38
2022-12-08,5971018.88
2022-12-09,11559931.8
2022-12-10,4498414.75
2022-12-11,4771334.69
2022-12-12,5748391.43
2022-12-13,11125394.47
2022-12-14,12893083.0
2022-12-15,5526569.81
2022-12-16,8184258.87
2022-12-17,6021007.69
2022-12-18,3996896.3
2022-12-19,14191587.72
2022-12-20,4218723.66
2022-12-21,7036199.12
2022-12-22,6464236.94
2022-12-23,9507398.35
2022-12-24,3897044.71
2022-12-25,6194443.69
2022-12-26,2723286.34
2022-12-27,4923799.06
2022-12-28,17509413.79
2022-12-29,13372807.26
2022-12-30,11223381.24
2022-12-31,19812682.29
2023-01-01,4207334.82
2023-01-02,5244100.85
2023-01-03,8293825.58
2023-01-04,8260558.45
2023-01-05,30827904.71
2023-01-06,10882778.15
2023-01-07,8102644.72
2023-01-08,4265159.19
2023-01-09,5715107.2
2023-01-10,12110991.03
2023-01-11,10687145.56
2023-01-12,8243116.34
2023-01-13,8014028.93
2023-01-14,5161980.9
2023-01-15,5514310.79
2023-01-16,16427849.1
2023-01-17,6933829.17
2023-01-18,10398307.79
2023-01-19,7834334.44
2023-01-20,6123025.16
2023-01-21,4824027.4
2023-01-22,2837298.3
2023-01-23,5444447.81
2023-01-24,5928870.45
2023-01-25,6112434.91
2023-01-26,30091925.2
2023-01-27,12921335.21
2023-01-28,2873536.4
2023-01-29,3466321.68
2023-01-30,4751835.89
2023-01-31,6662547.99
2023-02-01,10292890.81
2023-02-02,4172889.22
2023-02-03,7870360.74
2023-02-04,2887912.93
2023-02-05,4045179.95
2023-02-06,4393932.31
2023-02-07,3911665.54
2023-02-08,5930314.86
2023-02-09,6848190.88
2023-02-10,6904107.91
2023-02-11,4016111.39
2023-02-12,3872001.21
2023-02-13,4934912.84
2023-02-14,3136930.55
2023-02-15,6415994.32
2023-02-16,6641981.59
2023-02-17,4799982.87
2023-02-18,2307791.49
2023-02-19,4650758.77
2023-02-20,2965611.56
2023-02-21,5162956.07
2023-02-22,7653582.93
2023-02-23,4039907.82
2023-02-24,9370965.65
2023-02-25,3395121.85
2023-02-26,3509317.86
2023-02-27,9392982.48
2023-02-28,14408685.17
2023-03-01,14584547.45
2023-03-02,5206975.33
2023-03-03,5661235.88
2023-03-04,4078075.48
2023-03-05,10126239.86
2023-03-06,7647134.52
2023-03-07,25075514.98
2023-03-08,5533937.63
2023-03-09,8143342.66
2023-03-10,5818113.25
2023-03-11,6746122.02
2023-03-12,3647284.26
2023-03-13,12592510.89
2023-03-14,14185682.87
2023-03-15,12020702.17
2023-03-16,9603868.97
2023-03-17,9138152.99
2023-03-18,4348438.75
2023-03-19,4716909.88
2023-03-20,7858684.75
2023-03-21,7435680.1
2023-03-22,9170545.91
2023-03-23,11223237.26
2023-03-24,9136606.53
2023-03-25,3500365.03
2023-03-26,5146165.35
2023-03-27,11213165.81
2023-03-28,5171764.84
2023-03-29,4624296.05
2023-03-30,91213768.49
2023-03-31,15126048.19
2023-04-01,4526256.49
2023-04-02,2630964.33
2023-04-03,7126617.52
2023-04-04,9749023.75
2023-04-05,12376757.45
2023-04-06,10060211.64
2023-04-07,8053178.62
2023-04-08,2215167.44
2023-04-09,1663833.73
2023-04-10,7768798.98
2023-04-11,20554568.4
2023-04-12,18744786.27
2023-04-13,8517511.53
2023-04-14,12749764.43
2023-04-15,3438022.57
2023-04-16,3357583.48
2023-04-17,6650646.69
2023-04-18,5851901.24
2023-04-19,27228242.68
2023-04-20,5152158.21
2023-04-21,6762747.21
2023-04-22,2365454.2
2023-04-23,3201933.42
2023-04-24,5372177.45
2023-04-25,5099102.89
2023-04-26,5835508.36
2023-04-27,5154843.39
2023-04-28,5748031.41
2023-04-29,10225754.74
2023-04-30,2251079.83
2023-05-01,4596523.2
2023-05-02,5034773.52
2023-05-03,14740981.07
2023-05-04,5301264.17
2023-05-05,4779134.42
2023-05-06,1756802.35
2023-05-07,26501993.31
2023-05-08,8757839.43
2023-05-09,3217696.79
2023-05-10,8016003.11
2023-05-11,8320927.66
2023-05-12,8320119.59
2023-05-13,2458428.36
2023-05-14,7864220.3
2023-05-15,32107030.05
2023-05-16,9820116.38
2023-05-17,4365751.81
2023-05-18,4483820.9
2023-05-19,4632156.85
2023-05-20,3230723.31
2023-05-21,3390963.37
2023-05-22,19153757.56
2023-05-23,5960396.46
2023-05-24,6272004.97
2023-05-25,36318713.21
2023-05-26,8723617.1
2023-05-27,2449957.21
2023-05-28,4986096.4
2023-05-29,6994526.52
2023-05-30,10486607.99
2023-05-31,10362278.99
2023-06-01,11403007.24
2023-06-02,5936746.21
2023-06-03,3094159.85
2023-06-04,2952457.47
2023-06-05,8954194.21
2023-06-06,6174507.22
2023-06-07,4868975.76
2023-06-08,9810786.16
2023-06-09,5027918.39
2023-06-10,6120383.81
2023-06-11,3616696.83
2023-06-12,8143550.12
2023-06-13,9010645.95
2023-06-14,9219634.45
2023-06-15,9659474.38
2023-06-16,6319160.08
2023-06-17,2816852.6
2023-06-18,12857261.49
2023-06-19,10723161.61
2023-06-20,17450045.6
2023-06-21,21629514.99
2023-06-22,7174441.58
2023-06-23,20001614.82
2023-06-24,5520082.76
2023-06-25,5909183.31
2023-06-26,5487046.73
2023-06-27,10099220.16
2023-06-28,7412412.09
2023-06-29,18062415.81
2023-06-30,6862440.4
2023-07-01,31970741.82
2023-07-02,4157311.19
2023-07-03,6834278.79
2023-07-04,4401440.58
2023-07-05,5221709.38
2023-07-06,22020907.9
2023-07-07,4399692.14
2023-07-08,2037228.13
2023-07-09,3769703.64
2023-07-10,7264289.52
2023-07-11,12457410.04
2023-07-12,6933229.17
2023-07-13,10780490.46
2023-07-14,8354594.96
2023-07-15,2402943.39
2023-07-16,2670663.18
2023-07-17,10298116.07
2023-07-18,11454871.0
2023-07-19,9573357.72
2023-07-20,7397392.0
2023-07-21,9505470.4
2023-07-22,7017966.21
2023-07-23,3683459.54
2023-07-24,7196633.88
2023-07-25,4635967.88
2023-07-26,3757690.19
2023-07-27,23108957.0
2023-07-28,61339501.55
2023-07-29,3108868.26
2023-07-30,3109051.37
2023-07-31,7661468.82
2023-08-01,3782507.76
2023-08-02,10539843.25
2023-08-03,3340026.03
2023-08-04,5744832.29
2023-08-05,1785971.48
2023-08-06,3078167.47
2023-08-07,4298541.07
2023-08-08,8414640.77
2023-08-09,5645119.97
2023-08-10,6310953.94
2023-08-11,3743052.2
2023-08-12,5080702.39
2023-08-13,3796523.93
2023-08-14,11649581.2
2023-08-15,6785199.87
2023-08-16,7465327.14
2023-08-17,10255165.59
2023-08-18,11519408.45
2023-08-19,2178962.0
2023-08-20,2797773.62
2023-08-21,6612625.11
2023-08-22,7475683.7
2023-08-23,4895604.9
2023-08-24,4768875.8
2023-08-25,4844663.26
2023-08-26,2101539.49
2023-08-27,6614389.62
2023-08-28,6143844.99
2023-08-29,13996635.1
2023-08-30,5532276.88
2023-08-31,6442776.66
2023-09-01,6333374.5
2023-09-02,2024249.77
2023-09-03,3571933.64
2023-09-04,5130142.38
2023-09-05,6148947.34
2023-09-06,6745113.43
2023-09-07,4096803.34
2023-09-08,4032695.95
2023-09-09,2793946.15
2023-09-10,2052257.5
2023-09-11,5436460.15
2023-09-12,5476859.26
2023-09-13,3477765.52
2023-09-14,7219500.97
2023-09-15,5850150.78
2023-09-16,2622467.29
2023-09-17,2203890.17
2023-09-18,12556136.93
2023-09-19,29141878.98
2023-09-20,7514555.75
2023-09-21,3312724.25
2023-09-22,2659875.42
2023-09-23,2576318.63
2023-09-24,3070597.45
2023-09-25,5562270.99
2023-09-26,5416732.36
2023-09-27,4267639.51
2023-09-28,6832617.22
2023-09-29,8612122.12
2023-09-30,3495577.56
2023-10-01,3650733.5
2023-10-02,17731189.94
2023-10-03,7841117.47
2023-10-04,11417239.07
2023-10-05,7657606.48
2023-10-06,9350577.89
2023-10-07,10171709.94
2023-10-08,2842333.3
2023-10-09,15136704.65
2023-10-10,6952395.33
2023-10-11,13489996.44
2023-10-12,6408532.02
2023-10-13,5058683.2
2023-10-14,23312413.42
2023-10-15,2469467.26
2023-10-16,6240889.54
2023-10-17,7956584.46
2023-10-18,7907225.6
2023-10-19,18450283.74
2023-10-20,9695118.84
2023-10-21,3870257.16
2023-10-22,4233104.27
2023-10-23,14045942.99
2023-10-24,21180027.71
2023-10-25,9963648.38
2023-10-26,14928103.83
2023-10-27,9632897.69
2023-10-28,8769682.28
2023-10-29,6032952.58
2023-10-30,7374879.07
2023-10-31,10613736.95
2023-11-01,29630521.52
2023-11-02,7002853.56
2023-11-03,7771725.66
2023-11-04,4308785.72
2023-11-05,4256823.58
2023-11-06,4899277.07
2023-11-07,7233232.4
2023-11-08,6111297.87
2023-11-09,21984255.17
2023-11-10,9173202.81
2023-11-11,4000974.34
2023-11-12,4163386.64
2023-11-13,6890983.99
2023-11-14,6509373.33
2023-11-15,15755794.28
2023-11-16,8970682.82
2023-11-17,6619310.36
2023-11-18,4197053.89
2023-11-19,7461686.95
2023-11-20,9067200.56
2023-11-21,13272584.65
2023-11-22,16051383.41
2023-11-23,4261435.28
2023-11-24,5341176.82
2023-11-25,3049900.28
2023-11-26,6062938.61
2023-11-27,4487462.47
2023-11-28,6912950.14
2023-11-29,6715420.11
2023-11-30,32581614.62
2023-12-01,8422562.66
2023-12-02,4725030.01
2023-12-03,4470548.65
2023-12-04,19322329.39
2023-12-05,13436252.03
2023-12-06,21338734.85
2023-12-07,10971881.52
2023-12-08,10296171.76
2023-12-09,5925241.84
2023-12-10,4704091.22
2023-12-11,11816912.26
2023-12-12,19362531.13
2023-12-13,6160539.0
2023-12-14,4861253.08
2023-12-15,14851651.98
2023-12-16,8321871.53
2023-12-17,2781443.3
2023-12-18,17191547.91
2023-12-19,10133506.11
2023-12-20,11614872.58
2023-12-21,7967708.95
2023-12-22,16497328.9
2023-12-23,6584535.67
2023-12-24,20144594.34
2023-12-25,4663971.56
2023-12-26,7908259.5
2023-12-27,56044309.86
2023-12-28,9138338.17
2023-12-29,31193522.32
2023-12-30,9241170.58
2023-12-31,5809306.73
2024-01-01,3821139.98
2024-01-02,11844542.58
2024-01-03,10771606.69
2024-01-04,67959538.5
2024-01-05,8825940.19
2024-01-06,3799238.02
2024-01-07,4643230.18
2024-01-08,8507504.04
2024-01-09,13127422.44
2024-01-10,10850023.02
2024-01-11,11356315.33
2024-01-12,12413272.99
2024-01-13,4104344.55
2024-01-14,6083400.92
2024-01-15,6494219.07
2024-01-16,104682512.15
2024-01-17,25257355.12
2024-01-18,21949706.81
2024-01-19,16631740.38
2024-01-20,3185438.15
2024-01-21,2571841.92
2024-01-22,20754487.91
2024-01-23,22401805.74
2024-01-24,57722403.21
2024-01-25,26194952.51
2024-01-26,16623261.59
2024-01-27,4948933.34
2024-01-28,3001075.62
2024-01-29,13745065.11
2024-01-30,21744625.76
2024-01-31,19901630.51
2024-02-01,10365086.95
2024-02-02,13235041.18
2024-02-03,2125104.33
2024-02-04,6839984.03
2024-02-05,11542789.0
2024-02-06,26856894.4
2024-02-07,9690796.79
2024-02-08,8413685.16
2024-02-09,9825196.54
2024-02-10,5887918.06
2024-02-11,6277380.12
2024-02-12,13884676.58
2024-02-13,10756123.15
2024-02-14,23788107.95
2024-02-15,11890325.7
2024-02-16,14483762.73
2024-02-17,5592465.74
2024-02-18,5065419.11
2024-02-19,40963385.48
2024-02-20,9220667.19
2024-02-21,13200196.32
2024-02-22,20106459.24
2024-02-23,15118253.37
2024-02-24,4574890.19
2024-02-25,4862510.76
2024-02-26,11270913.65
2024-02-27,18768686.31
2024-02-28,48420977.26
2024-02-29,30938655.61
2024-03-01,67336082.59
2024-03-02,5760457.16
2024-03-03,5760457.16
2024-03-04,28022352.76
2024-03-05,45516788.72
2024-03-06,69379446.59
2024-03-07,33579618.05
2024-03-08,29863354.72
2024-03-09,10435929.46
2024-03-10,20430023.1
2024-03-11,27905377.31
2024-03-12,20979709.81
2024-03-13,32685606.26
2024-03-14,37438985.85
2024-03-15,16832240.21
2024-03-16,7300701.81
2024-03-17,36965886.55
2024-03-18,16622403.23
2024-03-19,13195034.16
2024-03-20,14500493.37
2024-03-21,25471139.03
2024-03-22,37360913.92
2024-03-23,162981343.23
2024-03-24,12044253.87
2024-03-25,70052515.41
2024-03-26,25894775.29
2024-03-27,11936460.39
2024-03-28,41067049.39
2024-03-29,8896570.78
2024-03-30,5788057.85
2024-03-31,7945393.75
2024-04-01,72561838.84
2024-04-02,27051499.25
2024-04-03,10020149.49
2024-04-04,2167856.94
2024-04-05,6093046.38
2024-04-06,7309720.84
2024-04-07,5304924.08
2024-04-08,9569713.01
2024-04-09,11888971.17
2024-04-10,7810573.79
2024-04-11,6540849.19
2024-04-12,9286384.76
2024-04-13,5139749.57
2024-04-14,6628569.21
2024-04-15,9871731.05
2024-04-16,24571525.91
2024-04-17,8917703.56
2024-04-18,21022194.76
2024-04-19,11731164.28
2024-04-20,2592722.84
2024-04-21,3496443.91
2024-04-22,5699203.39
2024-04-23,8106020.92
2024-04-24,8106020.92
2024-04-25,6896035.17
2024-04-26,7313662.63
2024-04-27,9007887.66
2024-04-28,15079989.49
2024-04-29,15079989.49
2024-04-30,15079989.49
2024-05-01,9743807.05
2024-05-02,7977259.56
2024-05-03,9206720.26
2024-05-04,3054584.81
2024-05-05,2522603.91
2024-05-06,9844894.99
2024-05-07,4876424.66
2024-05-08,7268759.19
2024-05-09,5221330.1
2024-05-10,4692928.81
2024-05-11,4600056.63
2024-05-12,8562011.36
2024-05-13,7027204.19
2024-05-14,7027204.19
2024-05-15,41292714.08
2024-05-16,7518350.47
2024-05-17,7970954.47
2024-05-18,3326086.85
2024-05-19,4829063.46
2024-05-20,9422693.88
2024-05-21,10925256.01
2024-05-22,17466435.79
2024-05-23,12233307.22
2024-05-24,8853094.08
2024-05-25,2555575.2
2024-05-26,6755249.29
2024-05-27,10618864.14
2024-05-28,518243134.82
2024-05-29,6545278.21
2024-05-30,8807190.93
2024-05-31,6276716.73
2024-06-01,4076898.4
2024-06-02,4708011.46
2024-06-03,15665972.47
2024-06-04,9321546.06
2024-06-05,10527332.27
2024-06-06,3149321.04
2024-06-07,2299543.15
2024-06-08,5658811.73
2024-06-09,4483462.22
2024-06-10,6321906.65
2024-06-11,46141378.4
2024-06-12,10643932.81
2024-06-13,4403024.45
2024-06-14,6403024.0
2024-06-15,9889954.46
2024-06-16,2469702.94
2024-06-17,10281918.91
2024-06-18,6099716.51
2024-06-19,5148767.78
2024-06-20,2292945.39
2024-06-21,11147243.06
2024-06-22,58345377.63
2024-06-23,3527740.58
2024-06-24,18820143.3
2024-06-25,7118862.27
2024-06-26,10333544.64
2024-06-27,45502913.5
2024-06-28,9793090.19
2024-06-29,2500732.89
2024-06-30,3763144.94
2024-07-01,8609359.04
2024-07-02,5861201.76
2024-07-03,25785294.43
2024-07-04,15253523.51
2024-07-05,46671880.15
2024-07-06,56742.32
2024-07-07,6421056.03
2024-07-08,5682310.31
2024-07-09,20556076.15
2024-07-10,16110971.58
2024-07-11,4559113.94
2024-07-12,8078772.84
2024-07-13,3500709.44
2024-07-14,6466055.85
2024-07-15,10137313.34
2024-07-16,7107599.11
2024-07-17,9981748.63
2024-07-18,15563771.18
2024-07-19,28176495.52
2024-07-20,3470522.23
2024-07-21,3170062.16
2024-07-22,7426063.91
2024-07-23,59572228.6
2024-07-24,8762561.6
2024-07-25,17792528.32
2024-07-26,6337977.72
2024-07-27,8399684.36
2024-07-28,4792352.42
2024-07-29,15985051.64
2024-07-30,49669495.67
2024-07-31,7056374.97
2024-08-01,13978903.97
2024-08-02,8108610.84
2024-08-03,7338033.6
2024-08-04,6638026.86
2024-08-05,35543861.55
2024-08-06,5853469.13
2024-08-07,17038710.26
2024-08-08,6855036.65
2024-08-09,9501709.07
2024-08-10,16209594.41
2024-08-11,2889627.99
2024-08-12,7304807.99
2024-08-13,7130925.06
2024-08-14,5313405.5
2024-08-15,7563464.92
2024-08-16,5823915.4
2024-08-17,2368434.02
2024-08-18,3267363.49
2024-08-19,7540101.81
2024-08-20,7389972.26
2024-08-21,8795398.0
2024-08-22,6447475.01
2024-08-23,9345983.09
2024-08-24,3717138.7
2024-08-25,2537424.89
2024-08-26,5948209.42
2024-08-27,20210020.97
2024-08-28,6816895.11
2024-08-29,40823158.06
2024-08-30,5052868.25
2024-08-31,7255910.46
2024-09-01,2318365.5
2024-09-02,4034174.85
2024-09-03,4034174.85
2024-09-04,4034174.85
2024-09-05,6388302.36
2024-09-06,12351838.77
2024-09-07,1871746.76
2024-09-08,1874254.4
2024-09-09,11794061.12
2024-09-10,10191519.78
2024-09-11,6799126.49
2024-09-12,6228612.58
2024-09-13,15337293.04
2024-09-14,3051928.42
2024-09-15,4489541.34
2024-09-16,12686196.63
2024-09-17,7072283.66
2024-09-18,11501828.24
2024-09-19,8212171.36
2024-09-20,14102013.63
2024-09-21,3986851.88
2024-09-22,3417364.43
2024-09-23,11266163.41
2024-09-24,7033599.02
2024-09-25,12297478.98
2024-09-26,16196590.49
2024-09-27,8427047.23
2024-09-28,4765841.82
2024-09-29,3344443.28
2024-09-30,8432951.6
2024-10-01,5082642.53
2024-10-02,6081799.8
2024-10-03,1021102.77
2024-10-04,8950330.26
2024-10-05,3031609.43
2024-10-06,3296074.47
2024-10-07,6936951.32
2024-10-08,82993600.19
2024-10-09,11424390.27
2024-10-10,8656299.66
2024-10-11,5101655.26
2024-10-12,7405316.03
2024-10-13,6381178.56
2024-10-14,10015109.25
2024-10-15,26442899.02
2024-10-16,8376050.55
2024-10-17,10378216.51
2024-10-18,12268003.18
2024-10-19,10886206.59
2024-10-20,19117954.12
2024-10-21,26255229.27
2024-10-22,7691733.01
2024-10-23,7926530.3
2024-10-24,6160367.38
2024-10-25,9763885.9
2024-10-26,4668604.82
2024-10-27,4556831.87
2024-10-28,8872110.32
2024-10-29,16834769.39
2024-10-30,11330279.27
2024-10-31,10616437.99
2024-11-01,13215351.34
2024-11-02,7050983.79
2024-11-03,4479654.98
2024-11-04,13003191.18
2024-11-05,11098574.82
2024-11-06,59942051.81
2024-11-07,13271554.78
2024-11-08,19729725.39
2024-11-09,4893548.99
2024-11-10,13164490.31
2024-11-11,28106101.32
2024-11-12,35389866.79
2024-11-13,35628018.64
2024-11-14,54903559.18
2024-11-15,46920336.03
2024-11-16,10241016.18
2024-11-17,9107174.51
2024-11-18,16517012.29
2024-11-19,36637737.18
2024-11-20,32990731.01
2024-11-21,52402245.51
2024-11-22,6726931.4
2024-11-23,18749798.84
2024-11-24,11236386.33
2024-11-25,26843210.51
2024-11-26,40518535.04
2024-11-27,30188896.76
2024-11-28,26925336.7
2024-11-29,13586308.87
2024-11-30,6775909.23
2024-12-01,7390612.17
2024-12-02,30605106.66
2024-12-03,41927681.71
2024-12-04,17166799.97
2024-12-05,60609978.2
2024-12-06,46997820.51
2024-12-07,164213.93
2024-12-08,9064017.33
2024-12-09,9685983.04
2024-12-10,13466970.72
2024-12-11,33106253.1
2024-12-12,6097553.5
2024-12-13,19075090.34
2024-12-14,9315708.46
2024-12-15,10787909.15
2024-12-16,29175423.97
2024-12-17,29888712.73
2024-12-18,32352195.94
2024-12-19,47902013.69
2024-12-20,34734627.86
2024-12-21,6122321.34
2024-12-22,10351964.43
2024-12-23,42834495.96
2024-12-24,43966324.1
2024-12-25,5593870.88
2024-12-26,2260355.67
2024-12-27,26441557.18
2024-12-28,7883734.13
2024-12-29,25555387.2
2024-12-30,38405477.44
2024-12-31,36237779.19
2025-01-01,24245622.15
2025-01-02,11059420.14
2025-01-03,6276359.15
2025-01-04,1997837.88
2025-01-05,4428382.71
2025-01-06,9580517.74
2025-01-07,33091863.58
2025-01-08,9913174.13
2025-01-09,7061395.22
2025-01-10,9762038.15
2025-01-11,1373545.07
2025-01-12,4315277.97
2025-01-13,6644072.75
2025-01-14,6835526.34
2025-01-15,19960848.49
2025-01-16,11632559.68
2025-01-17,12452088.2
2025-01-18,14078834.16
2025-01-21,17523442.7
2025-01-22,27578330.93
2025-01-23,99326157.0
2025-01-24,8116392.45
2025-01-25,5962706.55
2025-01-26,4814522.27
2025-01-27,12069307.82
2025-01-28,3771681.51
2025-01-29,6301372.1
2025-01-30,7397828.76
2025-01-31,7350473.94
2025-02-01,6040072.59
2025-02-02,6084620.79
2025-02-03,13203032.99
2025-02-04,26063394.37
2025-02-05,36165010.27
2025-02-06,23532100.88
2025-02-07,7640549.22
2025-02-08,4990309.11
2025-02-09,39967108.39
2025-02-10,7866830.99
2025-02-11,24076406.76
2025-02-12,7897285.34
2025-02-13,6099096.96
2025-02-14,8336520.65
2025-02-15,4325311.33
2025-02-16,2817433.24
2025-02-17,5099228.27
2025-02-18,8062784.73
2025-02-19,5154217.78
2025-02-20,6174633.34
2025-02-21,7604601.91
2025-02-22,5211257.7
2025-02-23,3365399.51
2025-02-24,8333891.95
2025-02-25,27139428.15
2025-02-26,26009872.52
2025-02-27,15095738.08
2025-02-28,15233897.78
2025-03-01,4511683.8
2025-03-02,6633149.57
2025-03-03,17308527.48
2025-03-04,9830087.51
2025-03-05,7001450.62
2025-03-06,16681208.83
2025-03-07,12413968.51
2025-03-08,2367279.54
2025-03-09,4448773.58
2025-03-10,25786926.56
2025-03-11,17101612.19
2025-03-12,15900128.52
2025-03-13,10626735.55
2025-03-14,12060009.1
2025-03-15,1979605.01
2025-03-16,4043248.7
2025-03-17,7274019.49
2025-03-18,6398545.91
2025-03-19,8087937.05
2025-03-20,15678816.53
2025-03-21,3929384.14
2025-03-22,9987814.67
2025-03-23,2805419.4
2025-03-24,5861061.38
2025-03-25,8000834.71
2025-03-26,8606714.36
2025-03-27,6282236.33
2025-03-28,2793272.76
2025-03-29,475722.55
2025-03-31,9633421.02
2025-04-01,6318158.42
2025-04-02,16567547.47
2025-04-03,37596589.37
2025-04-04,10119661.88
2025-04-05,4940806.41
2025-04-06,5156063.78
2025-04-07,30878488.13
2025-04-08,8133137.17
2025-04-09,14735048.39
2025-04-10,24330952.0
2025-04-11,18833042.16
2025-04-12,3929962.51
2025-04-13,7092235.83
2025-04-14,6824020.54
2025-04-15,14905267.73
2025-04-16,12430394.44
2025-04-17,29731563.32
2025-04-18,3801181.67
2025-04-19,2213500.15
2025-04-20,3498697.03
2025-04-21,7591242.0
2025-04-22,10631938.26
2025-04-23,13753701.46
2025-04-24,21711400.48
2025-04-25,31218778.66
2025-04-26,8459362.49
2025-04-27,4423736.47
2025-04-28,21705152.91
2025-04-29,25430001.02
2025-04-30,15457807.72
2025-05-01,18912753.65
2025-05-02,18966681.47
2025-05-03,4207326.99
2025-05-04,2954559.88
2025-05-05,48830116.2
2025-05-06,33883010.85
2025-05-07,19578841.93
2025-05-08,21967703.63
2025-05-09,22135653.88
2025-05-10,3460460.84
2025-05-11,5998575.51
2025-05-12,12842570.81
2025-05-13,33163527.52
2025-05-14,10754007.63
2025-05-15,32156850.05
2025-05-16,11867483.06
2025-05-17,3677849.7
2025-05-18,5969329.61
2025-05-19,29873265.57
2025-05-20,23819909.33
2025-05-21,27764387.43
2025-05-22,14668087.96
2025-05-23,15222666.29
2025-05-24,4084703.46
2025-05-25,8487576.21
2025-05-26,30838607.83
2025-05-27,24207180.81
2025-05-28,12198395.34
2025-05-29,26116856.98
2025-05-30,10006846.9
2025-05-31,3092194.2
2025-06-01,3815380.02
2025-06-02,12696993.67
2025-06-03,11602031.01
2025-06-04,25993523.24
2025-06-05,6667677.27
2025-06-06,7136406.13
2025-06-07,6064122.51
2025-06-08,4859292.78
2025-06-09,6156119.02
2025-06-10,14084443.9
2025-06-11,9377447.62
2025-06-12,6646737.84
2025-06-13,20911087.66
2025-06-14,2834424.88
2025-06-15,4731942.82
2025-06-16,15894798.51
2025-06-17,7905863.3
2025-06-18,10356092.81
2025-06-19,7351944.49
2025-06-20,4385328.26
2025-06-21,6340635.93
2025-06-22,12422017.63
2025-06-23,11827776.21
2025-06-24,14489230.43
2025-06-25,14612666.83
2025-06-26,30652995.85
2025-06-27,31096389.05
2025-06-28,3588700.72
2025-06-29,4584828.34
2025-06-30,37714156.35
2025-07-01,15846846.26
2025-07-02,10822718.18
2025-07-03,13131899.2
2025-07-04,419934048.8
2025-07-05,2702280.89
2025-07-06,3433948.61
2025-07-07,24251040.31
2025-07-08,32668895.43
2025-07-09,29929369.71
2025-07-10,10177897.92
2025-07-11,31465993.6
2025-07-12,18054060.84
2025-07-13,7774026.82
2025-07-14,20960022.77
2025-07-15,18592213.15
2025-07-16,38538154.14
2025-07-17,33898206.55
2025-07-18,13070905.47
2025-07-19,17640434.72
2025-07-20,5367094.73
2025-07-21,14884166.89
2025-07-22,29868499.07
2025-07-23,25225059.79
2025-07-24,30869919.74
2025-07-25,32841667.74
2025-07-26,7173958.78
2025-07-27,5242828.14
2025-07-28,18241797.82
2025-07-29,23690619.63
2025-07-30,20593561.9
2025-07-31,3719664.72
2025-08-01,9484514.14
2025-08-02,3553585.8
2025-08-03,9666972.02
2025-08-04,8548915.57
2025-08-05,18122949.1
2025-08-06,5752484.75
2025-08-07,22878429.1
2025-08-08,10776218.96
2025-08-09,4181376.81
2025-08-10,6629176.06
2025-08-11,8693767.45
2025-08-12,12915269.5
2025-08-13,12683446.64
2025-08-14,20232079.38
2025-08-15,10481540.57
2025-08-16,57701723.61
2025-08-17,4258505.44
2025-08-18,7813961.51
2025-08-19,15600218.43
2025-08-20,14823822.75
2025-08-21,13320734.96
2025-08-22,17737012.22
2025-08-23,6833451.49
2025-08-24,5562869.97
2025-08-25,13234009.48
2025-08-26,9671206.01
2025-08-27,11381621.21
2025-08-28,12820367.92
2025-08-29,81366092.54
2025-08-30,8606559.22
2025-08-31,7653136.61
2025-09-01,7590123.52
2025-09-02,7704451.19
2025-09-03,10073741.34
2025-09-04,17924467.4
2025-09-05,31032720.99
2025-09-06,6953849.86
2025-09-07,6174925.76
2025-09-08,10267784.89
2025-09-09,11421289.16
2025-09-10,10226848.36
2025-09-11,14483206.83
2025-09-12,11564948.97
2025-09-13,8503006.89
2025-09-14,3797218.03
2025-09-15,17855969.91
2025-09-16,14211173.52
2025-09-17,24727197.95
2025-09-18,11854892.86
2025-09-19,34986895.17
2025-09-20,5864068.16
2025-09-21,5110004.73
2025-09-22,8708968.98
2025-09-23,22295197.48
2025-09-24,6102902.5
2025-09-25,24170375.98
2025-09-26,18112920.45
2025-09-27,6460224.4
2025-09-28,6637583.04
2025-09-29,8631399.02
2025-09-30,21774330.09
2025-10-01,27847024.45
2025-10-02,17495354.42
2025-10-03,15824350.86
2025-10-04,9617391.47
2025-10-05,9264361.73
2025-10-06,14528510.91
2025-10-07,56314935.23
2025-10-08,20180266.09
2025-10-09,29606504.24
2025-10-10,11482477.06
2025-10-11,11187677.95
2025-10-12,6399948.58
2025-10-13,5272862.18
2025-10-14,46161332.21
2025-10-15,55338568.93
2025-10-16,12081105.0
2025-10-17,22417605.46
2025-10-18,7869346.75
2025-10-19,4624668.26
2025-10-20,6569260.16
2025-10-21,18500049.65
2025-10-22,37111121.87
2025-10-23,34501010.5
2025-10-24,15662804.69
2025-10-25,7337174.82
2025-10-26,13573858.41
2025-10-27,16814330.6
2025-10-28,37899703.07
2025-10-29,29071954.53
2025-10-30,28784830.3
2025-10-31,15757779.01
2025-11-01,14700471.46
2025-11-02,3744726.0
2025-11-03,26606243.85
2025-11-04,28025232.02
2025-11-05,17179620.11
2025-11-06,16254370.22
2025-11-07,79777462.62
2025-11-08,11533913.15
2025-11-09,2892309.83
2025-11-10,13287044.53
2025-11-11,15241060.45
2025-11-12,12320048.82
2025-11-13,27163120.88
2025-11-14,21614318.03
2025-11-15,6436781.01
2025-11-16,7820961.94
2025-11-17,28544155.17
2025-11-18,46956808.99
2025-11-19,14920981.04
2025-11-20,27239456.43
2025-11-21,25094531.09
2025-11-22,340100774.35
2025-11-23,253547251.99
2025-11-24,12884815.88
2025-11-25,15562012.32
2025-11-26,40549012.47
2025-11-27,6737876.77
2025-11-28,7800483.34
2025-11-29,2484904.28
2025-11-30,4473326.52
2025-12-01,25779491.87
2025-12-02,10093116.78
2025-12-03,22494357.75
2025-12-04,7832669.81
2025-12-05,22903387.44
2025-12-06,3330163.95
2025-12-07,6154984.16
2025-12-08,6066347.68
2025-12-09,12078080.08
2025-12-10,593262.3
2025-12-11,9853467.28
2025-12-12,11016107.95
2025-12-13,5570154.1
2025-12-14,3474041.39
2025-12-15,10195008.51
2025-12-16,16834673.74
2025-12-17,8949377.44
2025-12-18,6541205.33
2025-12-19,13000400.49
2025-12-20,14109182.51
2025-12-21,3910687.07
2025-12-22,8203637.36
2025-12-23,20086725.74
2025-12-24,6365263.58
2025-12-25,3584772.11
2025-12-26,9686696.72
2025-12-27,3307023.34
2025-12-28,5099569.01
2025-12-29,9235044.57
2025-12-30,12429547.21
2025-12-31,19068823.34
2026-01-01,6712830.7
2026-01-02,6020574.85
2026-01-03,2880690.63
2026-01-04,3843087.06
2026-01-05,10640292.5
2026-01-06,6823626.52
2026-01-07,26418283.88
2026-01-08,6842858.4
2026-01-09,8475344.16
2026-01-10,19880784.73
2026-01-11,3711495.51
2026-01-12,10710246.33
2026-01-13,13420760.56
2026-01-14,8669664.24
2026-01-15,8488870.87
2026-01-16,4632300.46
2026-01-17,7949262.59
2026-01-18,131973.6
2026-01-19,7984224.56
2026-01-20,8938684.76
2026-01-21,7272526.39
2026-01-22,17918871.55
2026-01-23,27609761.56
2026-01-24,3283168.9
2026-01-25,3291326.35
2026-01-26,7129595.01
2026-01-27,5084735.13
2026-01-28,6469151.33
2026-01-29,6396812.62
2026-01-30,10783031.35
2026-01-31,9212554.22
2026-02-01,9041728.27
2026-02-02,20195696.21
2026-02-03,10164067.76
2026-02-04,14207742.72
2026-02-05,35508091.73
2026-02-06,17838467.6
2026-02-07,4939613.24
2026-02-08,4997841.8
2026-02-09,8559265.44
2026-02-10,11382403.45
2026-02-11,5604211.15
2026-02-12,7972290.89
2026-02-13,16637521.34
2026-02-14,2780986.48
2026-02-15,2046042.41
2026-02-16,4359797.83
2026-02-17,6673553.25
2026-02-18,8987308.67
2026-02-19,8163141.94
2026-02-20,7467781.16
2026-02-21,4474446.03
2026-02-22,2078099.76
2026-02-23,8548802.95
2026-02-24,10860801.78
2026-02-25,5965336.69
2026-02-26,8110141.21
2026-02-27,5892167.68
2026-02-28,2174765.32
2026-03-01,2674162.83
2026-03-02,5210347.93
2026-03-03,4732315.54
2026-03-04,6312370.1
2026-03-05,5487150.04
2026-03-06,10515414.39
2026-03-07,2738649.62
2026-03-08,3737968.52
2026-03-09,8766686.09
2026-03-10,4028647.24
2026-03-11,7709349.85
2026-03-12,14829902.77
2026-03-13,7077951.62
2026-03-14,3542191.43
2026-03-15,2214903.89
2026-03-16,5938239.66
2026-03-17,7826747.85
2026-03-18,4591562.15
2026-03-19,5232772.96
2026-03-20,14731677.82
2026-03-21,1693464.09
2026-03-22,26447771.82
2026-03-23,7727445.15
2026-03-24,10836641.9
2026-03-25,5280275.92
2026-03-26,7362764.95
2026-03-27,5653776.19
2026-03-28,3154038.9
2026-03-29,2461969.61
2026-03-30,5911093.16
2026-03-31,23674319.87
2026-04-01,4694167.12
2026-04-02,5598122.88
2026-04-03,3747832.42
2026-04-04,2297756.76
2026-04-05,14548668.62
2026-04-06,5161568.78
2026-04-07,5914032.22
2026-04-08,3939107.83
2026-04-09,6242847.86
2026-04-10,5576368.38
2026-04-11,4142023.86
2026-04-12,4774011.74
2026-04-13,4957362.15
2026-04-14,17696550.57
2026-04-15,6828178.7
2026-04-16,10762327.96
2026-04-17,8128211.61
2026-04-18,3903500.31
2026-04-19,3283726.31
2026-04-20,11897864.68
2026-04-21,26271268.56
2026-04-22,14153546.09
2026-04-23,7229153.37
2026-04-24,37628264.16
2026-04-25,1630679.46
2026-04-26,2755195.65
2026-04-27,5391410.94
2026-04-28,6091697.83
2026-04-29,7807925.17
2026-04-30,7047576.99
2026-05-01,11983686.53
2026-05-02,1756359.08
2026-05-03,8953891.58
2026-05-04,20519359.37
2026-05-05,5543127.69
2026-05-06,5566870.09
2026-05-07,8374099.08
2026-05-08,4857447.87
2026-05-09,3172661.21
2026-05-10,6313452.39
2026-05-11,5031887.5
2026-05-12,4622122.74
2026-05-13,7319665.46
2026-05-14,7907136.22
2026-05-15,4270955.65
2026-05-16,3217259.35
2026-05-17,1916177.88
2026-05-18,6937637.06
2026-05-19,8879427.42
2026-05-20,5235213.49
2026-05-21,11331974.56
2026-05-22,7757076.51
2026-05-23,3205324.65
2026-05-24,4031082.0
2026-05-25,4424162.76
2026-05-26,8400021.08
2026-05-27,6626559.81
2026-05-28,14128548.7
2026-05-29,12628369.74
2026-05-30,3953836.5
2026-05-31,2665658.05
2026-06-01,8902431.31
