time,value
2010-08-28,288.4078468153269
2010-09-01,238.24572217566546
2010-09-05,131.973974286695
2010-09-09,235.4590435102579
2010-09-13,146.5075411043628
2010-09-17,57.747905105497246
2010-09-21,257.18108414485863
2010-09-25,178.92775971091902
2010-09-29,174.22616919969093
2010-10-03,116.42192647579431
2010-10-07,49.793571379195484
2010-10-11,136.50031467758382
2010-10-15,103.11152124710017
2010-10-19,116.33820638035816
2010-10-23,190.9091381683111
2010-10-27,50.30261143002043
2010-10-31,95.77343405535673
2010-11-04,30.26990508504009
2010-11-08,5.630827003378878
2010-11-12,365.55853919362323
2010-11-16,122.29409277493136
2010-11-20,106.78944640325922
2010-11-24,189.0680306367143
2010-11-28,373.71817661810815
2010-12-02,135.50067871766245
2010-12-06,64.33411022145093
2010-12-10,342.670680594192
2010-12-14,354.3773278291774
2010-12-18,182.8625086228627
2010-12-22,202.06082296188546
2010-12-26,618.5655903220326
2010-12-30,194.3680759402374
2011-01-03,190.95592577826557
2011-01-07,269.86986276674895
2011-01-11,82.10001322953522
2011-01-15,315.1220626591749
2011-01-19,116.87095079967567
2011-01-23,106.81015501799251
2011-01-27,7.188741974507168
2011-01-31,127.91441018607595
2011-02-04,185.72459320959229
2011-02-08,265.0191024635256
2011-02-12,232.63052048571015
2011-02-16,269.6687948552844
2011-02-20,106.6850711532324
2011-02-24,157.26684810647177
2011-02-28,111.01504003306144
2011-03-04,122.24627376457575
2011-03-08,89.13937280000967
2011-03-12,77.19353808873309
2011-03-16,73.87014562579061
2011-03-20,103.76149151541345
2011-03-24,66.18643360748057
2011-03-28,79.52949531447862
2011-04-01,110.00405915319398
2011-04-05,94.06871931682308
2011-04-09,90.13834368311524
2011-04-13,83.89071708230493
2011-04-17,8.643041815667992
2011-04-21,66.7366290869259
2011-04-25,106.68994992959806
2011-04-29,30.825976286764543
2011-05-03,54.535744017191995
2011-05-07,64.93647358225715
2011-05-11,58.25332906387597
2011-05-15,22.938116516836118
2011-05-19,97.1368770945448
2011-05-23,71.92655620984137
2011-05-27,17.21984522335546
2011-05-31,83.93639512844958
2011-06-04,91.02091284440729
2011-06-08,42.46407783221598
2011-06-12,6.769975201326078
2011-06-16,34.528261981616964
2011-06-20,71.49672491365394
2011-06-24,78.9038333254823
2011-06-28,57.394993895666005
2011-07-02,69.18269494669558
2011-07-06,85.67304056579333
2011-07-10,106.34490658271636
2011-07-14,127.69032572979292
2011-07-18,33.40922384915588
2011-07-22,102.6776769441508
2011-07-26,102.02453632024432
2011-07-30,139.54459041311435
2011-08-03,51.5181658123504
2011-08-07,54.987516050274024
2011-08-11,103.07446742899204
2011-08-29,139.2621964613475
2011-09-02,131.58674462698846
2011-09-06,73.39476441153592
2011-09-10,83.07291031933855
2011-09-14,88.2046324300433
2011-09-18,130.2867437931037
2011-09-22,87.12396162784972
2011-09-26,105.86866056648456
2011-09-30,125.40503150420344
2011-10-04,92.47710902972688
2011-10-08,91.36305884473148
2011-10-12,107.18787750309976
2011-10-16,102.9895934777526
2011-10-20,70.06614517974918
2011-10-24,46.50740971273023
2011-10-28,58.628365064227616
2011-11-01,65.88466577151611
2011-11-05,71.95296125997602
2011-11-09,24.56448921233732
2011-11-13,107.56436281917821
2011-11-17,2.186928962983158
2011-11-21,1.5224676953361032
2011-11-25,41.12307577753774
2011-11-29,2.696992439201049
2011-12-03,1.8892229154524207
2011-12-07,1.3257804206075228
2011-12-11,27.069962355533125
2011-12-15,51.03414881563187
2011-12-19,47.91038665731229
2011-12-23,69.75448519389019
2011-12-27,81.00173112709535
2011-12-31,98.19221829367187
2012-01-04,59.85950220673246
2012-01-08,72.10593055934743
2012-01-12,58.96515894734582
2012-01-16,47.21765424350014
2012-01-20,65.02959804526016
2012-01-24,47.399543345219016
2012-01-28,72.76876988217857
2012-02-01,53.4118303671934
2012-02-05,65.94940866659594
2012-02-09,92.25854596005426
2012-02-13,35.67138167644811
2012-02-17,41.1291449640557
2012-02-21,62.0044445529357
2012-02-25,46.15672350190659
2012-02-29,69.24547278159277
2012-03-04,91.87073959743115
2012-03-08,66.43984372522934
2012-03-12,68.7993080325587
2012-03-16,56.22928692805413
2012-03-20,47.596446813872646
2012-03-24,76.64583906610237
2012-03-28,58.11683619919947
2012-04-01,86.45881384156749
2012-04-05,64.09752468106706
2012-04-09,24.398472348085647
2012-04-13,41.6258554897389
2012-04-17,49.13995246134288
2012-04-21,43.84475095768276
2012-04-25,43.14602125851956
2012-04-29,50.89280371811353
2012-05-03,53.19752856695065
2012-05-07,39.15405584671434
2012-05-11,32.185006281044764
2012-05-15,35.01252663591968
2012-05-19,45.66119366067718
2012-05-23,37.34302685099704
2012-05-27,41.934426038652454
2012-05-31,17.355807127405495
2012-06-04,26.472470756730846
2012-06-08,35.790678112479235
2012-06-12,34.039190379682566
2012-06-16,34.812482159195234
2012-06-20,29.5733528965538
2012-06-24,31.13566708462115
2012-06-28,39.899728624480026
2012-07-02,34.72975702578967
2012-07-06,44.28615998428793
2012-07-10,32.277777704600545
2012-07-14,32.64686386002348
2012-07-18,28.751009868742074
2012-07-22,41.93946919678727
2012-07-26,34.13082259346084
2012-07-30,33.66213417863966
2012-08-03,33.76779700687194
2012-08-07,38.42491996781756
2012-08-11,54.324035299843956
2012-08-15,40.35948807430871
2012-08-19,5.762912546159941
2012-08-23,25.773800827114066
2012-08-27,24.62610806135882
2012-08-31,18.697431268576896
2012-09-04,29.513890298090804
2012-09-08,37.2690325862455
2012-09-12,29.841165545446042
2012-09-16,29.13072809729905
2012-09-20,25.977636860087916
2012-09-24,26.77000547236807
2012-09-28,28.371204486443506
2012-10-02,26.044990053390716
2012-10-06,54.53034297709474
2012-10-10,41.664408314917715
2012-10-14,53.752335647269206
2012-10-18,35.88140838375515
2012-10-22,35.54381926675993
2012-10-26,16.627618588166513
2012-10-30,20.3232647502257
2012-11-03,47.43316023758498
2012-11-07,31.418908885661395
2012-11-11,64.88291840306054
2012-11-15,36.31956049816784
2012-11-19,32.04153834995632
2012-11-23,52.32691133376968
2012-11-27,32.01230558039744
2012-12-01,37.14866957556659
2012-12-05,31.40849981004635
2012-12-09,44.511041903571176
2012-12-13,24.181251757519373
2012-12-17,41.35058903376999
2012-12-21,40.48486201069856
2012-12-25,65.12156342324126
2012-12-29,48.819820771719684
2013-01-02,31.31920309677432
2013-01-06,62.02400723460114
2013-01-10,37.55829444115939
2013-01-14,48.264756234135916
2013-01-18,36.00197454721734
2013-01-22,27.350878662736065
2013-01-26,34.70240083220298
2013-01-30,21.42801935879248
2013-02-03,38.13967081729761
2013-02-07,33.63404776103269
2013-02-11,44.38236012422384
2013-02-15,34.10081532763695
2013-02-19,38.74838426825096
2013-02-23,32.8822802707536
2013-02-27,37.717778942391256
2013-03-03,70.93412450712496
2013-03-07,27.80062699582892
2013-03-11,49.240050627345894
2013-03-15,39.82155646607841
2013-03-19,34.66551309136106
2013-03-23,40.928568064060734
2013-03-27,43.39137928744751
2013-03-31,70.62171975943677
2013-04-04,37.48120714661207
2013-04-08,34.66510117813867
2013-04-12,21.303496057188948
2013-04-16,20.43606218647833
2013-04-20,64.84663309603746
2013-04-24,42.55220353886671
2013-04-28,83.16003216697699
2013-05-02,30.51877140057808
2013-05-06,34.189889939397574
2013-05-10,52.18307731070721
2013-05-14,38.51603264271279
2013-05-18,56.868013397289985
2013-05-22,66.9391711514905
2013-05-26,141.57906787048424
2013-05-30,49.28149359703253
2013-06-03,40.27083793871792
2013-06-07,44.89732390169494
2013-06-11,66.21622545268389
2013-06-15,88.06022887211358
2013-06-19,77.84373364287889
2013-06-23,82.35949830985274
2013-06-27,69.92690366731925
2013-07-01,32.89195342025529
2013-07-05,28.087881898598212
2013-07-09,29.015797799145048
2013-07-13,36.39748716561833
2013-07-17,27.35612457457697
2013-07-21,67.44676194263617
2013-07-25,53.58795871604904
2013-07-29,54.8844980059072
2013-08-02,55.15194092475727
2013-08-06,66.23302950653903
2013-08-10,76.05892836575984
2013-08-14,42.52696733327615
2013-08-18,107.05624992819784
2013-08-22,62.722716905927236
2013-08-26,62.6873428967158
2013-08-30,61.78056851863621
2013-09-03,50.72240018813778
2013-09-07,105.4276384066599
2013-09-11,83.33551007455182
2013-09-15,116.9505242608891
2013-09-19,47.068207878959186
2013-09-23,59.12805737029591
2013-09-27,66.44694874513466
2013-10-01,38.05600087151703
2013-10-05,110.84549600057308
2013-10-09,61.229093541663865
2013-10-13,75.28082933145083
2013-10-17,77.19075613177263
2013-10-21,47.355679801912636
2013-10-25,29.63357852804892
2013-10-29,40.51869524385324
2013-11-02,96.19531476749499
2013-11-06,54.415606939897394
2013-11-10,49.26562943388534
2013-11-14,42.43536620758186
2013-11-18,45.1489444277387
2013-11-22,20.37070663210889
2013-11-26,41.07148171664545
2013-11-30,59.42032853806236
2013-12-04,64.49750495480109
2013-12-08,75.07335617707051
2013-12-12,107.49341126281736
2013-12-16,18.49231804314426
2013-12-20,55.45234084685662
2013-12-24,38.5401920629668
2013-12-28,141.5108483839563
2014-01-01,117.96881083506838
2014-01-05,63.84826173761078
2014-01-09,131.43605560427608
2014-01-13,114.84679734720989
2014-01-17,133.87524525024418
2014-01-21,86.48668010405301
2014-01-25,129.8874235966213
2014-01-29,166.4904423073548
2014-02-02,187.7889254330574
2014-02-06,76.40010465964133
2014-02-10,78.58060306858347
2014-02-14,101.45240988968403
2014-02-18,92.0447017716447
2014-02-22,131.38371359374267
2014-02-26,68.96754054733417
2014-03-02,162.0920931101228
2014-03-06,96.39402811767164
2014-03-10,29.572295069436215
2014-03-14,57.18111493870992
2014-03-18,118.1095552333147
2014-03-22,158.77741378992022
2014-03-26,111.19685191851514
2014-03-30,109.69964225720959
2014-04-03,77.03209920343095
2014-04-07,131.7932114146996
2014-04-11,76.11562402922071
2014-04-15,97.94395542293248
2014-04-19,203.4051624037373
2014-04-23,87.77037229986163
2014-04-27,150.37347637302148
2014-05-01,138.70255196778444
2014-05-05,155.75894190991076
2014-05-09,156.09004613156162
2014-05-13,148.26637946933675
2014-05-17,229.6251369858656
2014-05-21,123.45847542692198
2014-05-25,88.22669250490796
2014-05-29,155.3538052641234
2014-06-02,111.57511017422044
2014-06-06,119.82187405255614
2014-06-10,77.56096678262516
2014-06-14,139.74924934215244
2014-06-18,139.25678322786393
2014-06-22,218.2654523843795
2014-06-26,117.01133573516456
2014-06-30,131.35854148148502
2014-07-04,176.043676432034
2014-07-08,174.31091797089604
2014-07-12,221.1409947859319
2014-07-16,114.30140745375674
2014-07-20,293.788350962304
2014-07-24,105.32005939085086
2014-07-28,136.85034274940054
2014-08-01,71.24085965642901
2014-08-05,77.53324724891397
2014-08-09,129.20251438190297
2014-08-13,92.0373018583048
2014-08-17,117.56405140779717
2014-08-21,80.92825715112427
2014-08-25,75.85177521759789
2014-08-29,47.45742607992478
2014-09-02,97.57860769785786
2014-09-06,137.87424543668925
2014-09-10,106.72651495208454
2014-09-14,154.59568376915436
2014-09-18,71.32143381489266
2014-09-22,125.41247115586664
2014-09-26,109.8517342088138
2014-09-30,85.07913098340093
2014-10-04,65.96044521847378
2014-10-08,68.62457112137182
2014-10-12,116.94235971003191
2014-10-16,92.13889107646766
2014-10-20,96.74042168288665
2014-10-24,77.55980536526756
2014-10-28,100.20819662742988
2014-11-01,113.59130478458887
2014-11-05,71.40736878708383
2014-11-09,123.34607738821039
2014-11-13,34.6078828709709
2014-11-17,70.19612305041763
2014-11-21,87.57514789891019
2014-11-25,63.62458126392595
2014-11-29,83.47757098145291
2014-12-03,66.87293499422273
2014-12-07,101.50511367387459
2014-12-11,67.86667786466337
2014-12-15,67.28256590072891
2014-12-19,69.0360635253163
2014-12-23,62.832017476662664
2014-12-27,93.2517176901918
2014-12-31,78.70920089517752
2015-01-04,43.63863220504231
2015-01-08,39.341773410444254
2015-01-12,64.9451475670899
2015-01-16,44.26100700425335
2015-01-20,63.435544416672876
2015-01-24,76.75472279314475
2015-01-28,60.60466225826172
2015-02-01,94.67367636101041
2015-02-05,53.28574282435536
2015-02-09,56.74669583253168
2015-02-13,58.58114781757153
2015-02-17,76.50331733110609
2015-02-21,105.41101928186251
2015-02-25,61.18772275140013
2015-03-01,100.04092466936282
2015-03-05,51.75660437426483
2015-03-09,48.95159566411673
2015-03-13,66.63555080893
2015-03-17,81.8129901779788
2015-03-21,94.87544532850363
2015-03-25,60.27207595552855
2015-03-29,101.40485856910692
2015-04-02,69.13281300268346
2015-04-06,90.07955961347473
2015-04-10,56.19787312691749
2015-04-14,56.422822413145205
2015-04-18,88.61817396371829
2015-04-22,69.67646346499166
2015-04-26,78.96516519710988
2015-04-30,63.219096877491005
2015-05-04,66.49850480294711
2015-05-08,66.1604641486217
2015-05-12,66.07243013193865
2015-05-16,113.0550185351394
2015-05-20,68.26919081100641
2015-05-24,119.58088321477653
2015-05-28,73.64397100794817
2015-06-01,47.44391968837513
2015-06-05,59.814605797875835
2015-06-09,60.93335852972316
2015-06-13,72.2326404709193
2015-06-17,34.43668418619184
2015-06-21,94.24135520124891
2015-06-25,65.04768227732674
2015-06-29,52.231296477548184
2015-07-03,57.654719267183786
2015-07-07,40.27929033428769
2015-07-11,63.13974958354497
2015-07-15,69.07815136484574
2015-07-19,107.08834423099381
2015-07-23,69.58243020125994
2015-07-27,60.083205724748815
2015-07-31,60.15333604553896
2015-08-04,59.99995938160329
2015-08-08,53.31103773039484
2015-08-12,52.14697818067002
2015-08-16,58.538673072895534
2015-08-20,39.75647966856631
2015-08-24,26.695195005490728
2015-08-28,41.38151774438305
2015-09-01,43.55639255074617
2015-09-05,79.66001615555359
2015-09-09,43.491025044383385
2015-09-13,71.28959415182992
2015-09-17,49.38042217427002
2015-09-21,38.94281068066147
2015-09-25,48.407731709528356
2015-09-29,40.21139575290919
2015-10-03,80.53441918109304
2015-10-07,39.83827156904607
2015-10-11,84.74307061427655
2015-10-15,40.888034708902445
2015-10-19,38.367219442542485
2015-10-23,46.062262336567656
2015-10-27,35.183734447171496
2015-10-31,35.67656150833753
2015-11-04,14.426896065765908
2015-11-08,46.46069021685219
2015-11-12,27.98313083857351
2015-11-16,31.14990540994506
2015-11-20,36.35829868559629
2015-11-24,47.46253157162099
2015-11-28,45.525651890593366
2015-12-02,28.339412376837963
2015-12-06,27.392686712514458
2015-12-10,35.34717811186224
2015-12-14,30.77114775279467
2015-12-18,35.846503446038014
2015-12-22,28.123602661133823
2015-12-26,35.39438261667023
2015-12-30,61.938896419561146
2016-01-03,95.63341359622868
2016-01-07,42.622852941921415
2016-01-11,53.458399471031335
2016-01-15,36.466224301420795
2016-01-19,59.574196818517095
2016-01-23,61.53993745607517
2016-01-27,33.836907318373996
2016-01-31,53.542286561937836
2016-02-04,40.53093797845416
2016-02-08,52.790853672502756
2016-02-12,46.64729856207346
2016-02-16,35.86441245249548
2016-02-20,40.68564340491446
2016-02-24,38.83678156981131
2016-02-28,34.01064639774593
2016-03-03,28.198883940011676
2016-03-07,43.49093811844475
2016-03-11,45.00565486301439
2016-03-15,48.43102475808707
2016-03-19,72.28788684160351
2016-03-23,50.596905015989485
2016-03-27,51.91900263010397
2016-03-31,45.40288405970048
2016-04-04,47.54548512956474
2016-04-08,46.468866632453796
2016-04-12,42.0320099381081
2016-04-16,76.95161011395201
2016-04-20,49.812146712568314
2016-04-24,69.2264539016416
2016-04-28,42.572541074577934
2016-05-02,52.39647932301402
2016-05-06,47.74187531141997
2016-05-10,48.099708791391365
2016-05-14,68.1675162870619
2016-05-18,44.3704838667549
2016-05-22,80.08712375191554
2016-05-26,42.964729342050376
2016-05-30,34.52316823027833
2016-06-03,55.44442413829186
2016-06-07,46.29388290411161
2016-06-11,58.39065295218141
2016-06-15,48.94494996219088
2016-06-19,77.80269217989364
2016-06-23,34.606826254052415
2016-06-27,51.46692265318305
2016-07-01,54.69718006582074
2016-07-05,51.07360404163905
2016-07-09,71.89852706955453
2016-07-13,55.09232652333127
2016-07-17,66.88871449001631
2016-07-21,75.2754425370494
2016-07-25,75.43283765004675
2016-07-29,66.8692792486098
2016-08-02,26.82487468158606
2016-08-06,82.35393567205857
2016-08-10,53.36520690941735
2016-08-14,76.76274837800518
2016-08-18,62.802695230293324
2016-08-22,64.17247025269113
2016-08-26,72.44502879931149
2016-08-30,59.35953534996581
2016-09-03,92.76573174614325
2016-09-07,68.83290216010114
2016-09-11,91.84743514903803
2016-09-15,78.42293787010189
2016-09-19,71.97397036117353
2016-09-23,65.4932067668567
2016-09-27,65.92214766432701
2016-10-01,94.12884582581316
2016-10-05,65.68753848701705
2016-10-09,82.18413796486426
2016-10-13,58.314370647379604
2016-10-17,62.82980395625708
2016-10-21,64.19652345328238
2016-10-25,58.96706082868055
2016-10-29,68.6169757874647
2016-11-02,71.91093827058799
2016-11-06,99.64433171148892
2016-11-10,60.69083820719382
2016-11-14,67.38470136277991
2016-11-18,61.26401771991902
2016-11-22,54.09951547735516
2016-11-26,64.48623857227071
2016-11-30,57.579187697539574
2016-12-04,122.3404197624038
2016-12-08,52.62107480126887
2016-12-12,58.66105999378095
2016-12-16,52.444224224440816
2016-12-20,52.63254453522025
2016-12-24,70.61699948004672
2016-12-28,47.7838177108319
2017-01-01,96.128446499023
2017-01-05,28.44387244180271
2017-01-09,53.35492720437341
2017-01-13,53.91456204575031
2017-01-17,50.019840609309576
2017-01-21,70.84811981490384
2017-01-25,54.14032326434737
2017-01-29,110.45251234026192
2017-02-02,76.56586242015717
2017-02-06,75.4685205591294
2017-02-10,55.67757638411886
2017-02-14,69.81745811925737
2017-02-18,95.3400467356337
2017-02-22,83.00400733443617
2017-02-26,95.83765844197012
2017-03-02,47.36317282621444
2017-03-06,70.99321030413302
2017-03-10,54.079123052325926
2017-03-14,58.17439059980663
2017-03-18,39.701915745744984
2017-03-22,43.309643530336416
2017-03-26,66.5484541148568
2017-03-30,48.77942212289526
2017-04-03,52.00940475175476
2017-04-07,47.09780995558196
2017-04-11,56.66946681326587
2017-04-15,69.62860707603667
2017-04-19,64.51495889679578
2017-04-23,96.11531481826957
2017-04-27,54.97973540901172
2017-05-01,52.4178800164535
2017-05-05,42.260708030353044
2017-05-09,36.9281916955934
2017-05-13,68.06800144149481
2017-05-17,31.276316726122015
2017-05-21,61.50740970744899
2017-05-25,28.767941267025044
2017-05-29,65.7395676416958
2017-06-02,56.19727914411713
2017-06-06,52.919095296957984
2017-06-10,70.14457684493907
2017-06-14,48.69883976825945
2017-06-18,77.43404248634836
2017-06-22,63.72467246587732
2017-06-26,56.70649904045185
2017-06-30,52.234141319012714
2017-07-04,75.19405708208463
2017-07-08,74.76681187107437
2017-07-12,70.09451114732556
2017-07-16,68.0883536674638
2017-07-20,71.04545233706814
2017-07-24,79.79838173464452
2017-07-28,35.09391681490898
2017-08-01,32.55618162229415
2017-08-05,54.52438866683602
2017-08-09,68.28303182404281
2017-08-13,70.83434166598973
2017-08-17,52.203525056724054
2017-08-21,80.76867174180724
2017-08-25,94.1593376681744
2017-08-29,68.31129644378835
2017-09-02,80.40269924239531
2017-09-06,57.380448910330394
2017-09-10,83.04138889578847
2017-09-14,53.367046715619
2017-09-18,83.4921733085652
2017-09-22,83.34059584423427
2017-09-26,82.376359726575
2017-09-30,109.84419566320295
2017-10-04,114.55505035958618
2017-10-08,112.70070691566607
2017-10-12,83.56390100837497
2017-10-16,83.30001847608705
2017-10-20,91.24578769838126
2017-10-24,42.04751526364954
2017-10-28,148.67999913087647
2017-11-01,58.30901664559125
2017-11-05,91.24073923303285
2017-11-09,50.13995973517737
2017-11-13,52.50662683307484
2017-11-17,45.27965500925111
2017-11-21,51.307013538827114
2017-11-25,63.53901766493078
2017-11-29,38.06591875596706
2017-12-03,90.78599233281172
2017-12-07,54.04053297707992
2017-12-11,66.09569672008327
2017-12-15,70.24858596107384
2017-12-19,75.69554773832952
2017-12-23,104.94927703341772
2017-12-27,54.00355387621048
2017-12-31,74.55329574644097
2018-01-04,63.86838838080828
2018-01-08,61.23456941671146
2018-01-12,72.36055923424107
2018-01-16,58.572768538655396
2018-01-20,82.83706993885068
2018-01-24,92.42438228791379
2018-01-28,100.45273579912573
2018-02-01,58.229689860139025
2018-02-05,59.157356670234435
2018-02-09,89.69191936100164
2018-02-13,113.5277595604597
2018-02-17,216.8625760229872
2018-02-21,111.58682932105924
2018-02-25,220.51735992103954
2018-03-01,91.49372428891064
2018-03-05,124.00378967729276
2018-03-09,84.99205974562406
2018-03-13,108.42504116244874
2018-03-17,188.00505276485222
2018-03-21,143.82693870965653
2018-03-25,158.66483561377555
2018-03-29,107.480264013788
2018-04-02,155.1987639793772
2018-04-06,155.72735242418963
2018-04-10,142.3757454368341
2018-04-14,262.95759816558655
2018-04-18,167.742363661068
2018-04-22,221.8006709931293
2018-04-26,116.09836885795681
2018-04-30,151.02973221614496
2018-05-04,115.85137677491205
2018-05-08,120.11284686611144
2018-05-12,158.01892922564505
2018-05-16,104.78932037539498
2018-05-20,287.05111645363553
2018-05-24,129.46477424982206
2018-05-28,117.7674275127293
2018-06-01,149.14052677622325
2018-06-05,172.51038943384262
2018-06-09,251.75643029465712
2018-06-13,103.3330278118076
2018-06-17,254.85365162494116
2018-06-21,159.6890532313177
2018-06-25,156.45077473111633
2018-06-29,163.1150741096154
2018-07-03,126.45014485672802
2018-07-07,311.84140410880354
2018-07-11,155.0750766258351
2018-07-15,305.7921186820955
2018-07-19,128.96896648222005
2018-07-23,141.51008043191732
2018-07-27,158.71598855524277
2018-07-31,144.88583386855333
2018-08-04,251.44049047729212
2018-08-08,136.9620267528984
2018-08-12,325.568640409607
2018-08-16,157.6237546586503
2018-08-20,166.95974577102308
2018-08-24,174.69804836291098
2018-08-28,125.03326793172486
2018-09-01,233.7018220366035
2018-09-05,123.95648908658453
2018-09-09,230.34089947834238
2018-09-13,89.74226351197335
2018-09-17,188.7157836251599
2018-09-21,118.27324760548684
2018-09-25,130.1866973056061
2018-09-29,245.76504272788893
2018-10-03,151.2889193469884
2018-10-07,453.84926332341195
2018-10-11,120.21832811972725
2018-10-15,79.38147277750704
2018-10-19,132.46995199074706
2018-10-23,152.63874498239625
2018-10-27,292.5538269143522
2018-10-31,136.16658565138385
2018-11-04,211.9061669287667
2018-11-08,143.87047453494853
2018-11-12,145.9296992152373
2018-11-16,88.26312686959014
2018-11-20,50.863170628406785
2018-11-24,165.9230087540889
2018-11-28,90.7252427156339
2018-12-02,204.86214255009338
2018-12-06,42.86705390833023
2018-12-10,112.81587004824577
2018-12-14,106.48471466213859
2018-12-18,88.94208210617607
2018-12-22,227.5221083048481
2018-12-26,157.30366885149417
2018-12-30,249.84017032881619
2019-01-03,112.70067865718966
2019-01-07,112.22137718428193
2019-01-11,58.600523393177866
2019-01-15,49.27733898306825
2019-01-19,207.98012931784882
2019-01-23,115.32247747735036
2019-01-27,277.05627566064135
2019-01-31,103.92937068000693
2019-02-04,169.19677716010102
2019-02-08,114.57923097650826
2019-02-12,127.27272808478375
2019-02-16,172.77541763206028
2019-02-20,99.0340131374412
2019-02-24,151.02555181309597
2019-02-28,71.16496591647325
2019-03-04,127.24632473855006
2019-03-08,108.54224626449576
2019-03-12,106.97940678899552
2019-03-16,194.52013112721085
2019-03-20,109.26778783812071
2019-03-24,242.1978163099074
2019-03-28,113.03050462628268
2019-04-01,113.8671163629142
2019-04-05,98.75494858542525
2019-04-09,104.47649883667152
2019-04-13,211.49087879370913
2019-04-17,102.90560750600223
2019-04-21,259.2484682482341
2019-04-25,109.6133625614643
2019-04-29,102.6958055227434
2019-05-03,116.59702536280648
2019-05-07,98.96842163305939
2019-05-11,145.50994867901449
2019-05-15,91.17665162373434
2019-05-19,187.48432191364543
2019-05-23,118.53266278181076
2019-05-27,118.50131965434574
2019-05-31,70.92428795181094
2019-06-04,61.38461032243957
2019-06-08,262.1535105575864
2019-06-12,124.2140081942454
2019-06-16,154.47300494572917
2019-06-20,142.45594933868858
2019-06-24,111.25800577782728
2019-06-28,82.84999249346582
2019-07-02,105.64872606229284
2019-07-06,311.7899649312629
2019-07-10,68.26142938410298
2019-07-14,208.1332986544004
2019-07-18,139.58704086892115
2019-07-22,179.1173125182237
2019-07-26,176.54990898267332
2019-07-30,133.67053606185564
2019-08-03,361.8188291706428
2019-08-07,139.86333164434035
2019-08-11,356.84464945811044
2019-08-15,117.10170952210616
2019-08-19,190.25706762195497
2019-08-23,87.4432649605187
2019-08-27,140.46208022353778
2019-08-31,320.4787413055977
2019-09-04,139.69227409135698
2019-09-08,253.98758396608554
2019-09-12,102.95819848978678
2019-09-16,120.7968802850672
2019-09-20,104.16257905409097
2019-09-24,49.26636948378896
2019-09-28,253.9430633107027
2019-10-02,199.430504417059
2019-10-06,322.4408837739156
2019-10-10,145.29141770163451
2019-10-14,87.66823197442882
2019-10-18,136.94728871522295
2019-10-22,145.06419754132187
2019-10-26,132.6289452532249
2019-10-30,177.27579412310567
2019-11-03,209.65318752000388
2019-11-07,117.78900895369532
2019-11-11,218.68475576912263
2019-11-15,127.42975394347415
2019-11-19,158.72287396460058
2019-11-23,114.94326674092538
2019-11-27,89.87208908160765
2019-12-01,326.91868968720604
2019-12-05,161.37259302409865
2019-12-09,134.8908863727538
2019-12-13,143.98454952830437
2019-12-17,70.40487251302916
2019-12-21,267.23085064792394
2019-12-25,150.91325078404927
2019-12-29,351.4783386227057
2020-01-02,182.06111726199114
2020-01-06,146.47042043108033
2020-01-10,115.24338006428069
2020-01-14,55.27907738415353
2020-01-18,234.42297282698942
2020-01-22,125.44663074138292
2020-01-26,415.33074898381625
2020-01-30,101.53266331017058
2020-02-03,48.15410928375766
2020-02-07,98.90963796621915
2020-02-11,81.10213320940802
2020-02-15,162.74881195265587
2020-02-19,93.4065213181023
2020-02-23,246.63740990840742
2020-02-27,79.0448389545588
2020-03-02,132.4924570528992
2020-03-06,105.2440817219907
2020-03-10,87.97070425409245
2020-03-14,80.40184022048896
2020-03-18,90.65502768417657
2020-03-22,150.62936446478656
2020-03-26,125.68094869327268
2020-03-30,110.77671439420332
2020-04-03,124.07506916882268
2020-04-07,85.77304319201316
2020-04-11,269.49271959990097
2020-04-15,120.32322214922978
2020-04-19,286.1340062412937
2020-04-23,106.7200524904261
2020-04-27,114.63485970240404
2020-05-01,82.2037205296104
2020-05-05,142.40387329161683
2020-05-09,93.02871526877665
2020-05-13,93.07406885046883
2020-05-17,321.0928844465777
2020-05-21,91.21720064978781
2020-05-25,68.64841832188192
2020-05-29,104.95608521711566
2020-06-02,65.05585630311828
2020-06-06,307.60750892137503
2020-06-10,153.54085225923393
2020-06-14,374.60410205942316
2020-06-18,145.1086577434771
2020-06-22,130.19330123406115
2020-06-26,85.09685556194835
2020-06-30,174.7055016256976
2020-07-04,280.9865103472335
2020-07-08,109.85906298834543
2020-07-12,355.6705071361858
2020-07-16,132.87878475224736
2020-07-20,159.94072645367135
2020-07-24,111.33729728070442
2020-07-28,73.87646361731564
2020-08-01,169.70447818093822
2020-08-05,156.4687452969854
2020-08-09,262.97986241155587
2020-08-13,127.46483513093146
2020-08-17,111.116350595039
2020-08-21,140.33224537705948
2020-08-25,133.4680465962968
2020-08-29,226.7736307768251
2020-09-02,100.03805460426328
2020-09-06,201.02815240105295
2020-09-10,126.49965536591509
2020-09-14,120.1147344626161
2020-09-18,104.24078966677384
2020-09-22,120.05975575810966
2020-09-26,250.1999450442955
2020-09-30,127.68746455208468
2020-10-04,310.99072397517574
2020-10-08,129.0333233447678
2020-10-12,140.71334735830186
2020-10-16,120.96962513088383
2020-10-20,133.39633395463747
2020-10-24,238.22604604894724
2020-10-28,97.82294854646084
2020-11-01,214.26556373075817
2020-11-05,56.17150062605605
2020-11-09,104.10677392773287
2020-11-13,113.97572162806955
2020-11-17,105.19620777461706
2020-11-21,153.43427848688626
2020-11-25,97.12571676483304
2020-11-29,249.43264775981567
2020-12-03,131.69411737706199
2020-12-07,169.2572444988265
2020-12-11,115.09666576627396
2020-12-15,116.09119685507983
2020-12-19,160.04717612029876
2020-12-23,67.36807703142244
2020-12-27,104.1742754520167
2020-12-31,95.7022826939391
2021-01-04,78.79698785538433
2021-01-08,85.78165199142543
2021-01-12,85.22094288601129
2021-01-16,261.82936549918446
2021-01-20,129.7028719588835
2021-01-24,304.89747705193366
2021-01-28,125.04387056635923
2021-02-01,136.26555048499523
2021-02-05,115.04309780533599
2021-02-09,80.01460643809641
2021-02-13,239.17714795732172
2021-02-17,125.69748802660844
2021-02-21,136.67504567270865
2021-02-25,109.6678448171248
2021-03-01,157.703478960659
2021-03-05,106.15280859210921
2021-03-09,140.46023904183863
2021-03-13,182.84025437399876
2021-03-17,170.79808405224546
2021-03-21,293.3565768464505
2021-03-25,128.70677071075846
2021-03-29,162.72288213904187
2021-04-02,169.52087076194704
2021-04-06,95.28727397562395
2021-04-10,182.87609240568003
2021-04-14,124.05921335204468
2021-04-18,88.86818731567837
2021-04-22,114.06943272111184
2021-04-26,144.3064970404518
2021-04-30,134.2898732988214
2021-05-04,130.5012755942609
2021-05-08,237.7412412869397
2021-05-12,73.61817846014364
2021-05-16,150.40760866161872
2021-05-20,63.31687348142785
2021-05-24,100.31591465543094
2021-05-28,122.18775837305748
2021-06-01,126.61050166705198
2021-06-05,302.5130144874651
2021-06-09,172.3378526548022
2021-06-13,473.6059997245995
2021-06-17,205.98654525567915
2021-06-21,125.07650886860499
2021-06-25,136.30008486631976
2021-06-29,204.09718069523478
2021-07-03,424.8427158330887
2021-07-07,263.4405105781131
2021-07-11,471.9843223180811
2021-07-15,167.7217722193025
2021-07-19,193.68002383725593
2021-07-23,249.00803244687748
2021-07-27,99.97145902392215
2021-07-31,407.6127427868343
2021-08-04,182.3917037522017
2021-08-08,288.406208119392
2021-08-12,242.95418626163175
2021-08-16,199.22623131493162
2021-08-20,162.81089404056235
2021-08-24,216.5408837714499
2021-08-28,502.15196871041957
2021-09-01,168.005178821542
2021-09-05,487.42273103074103
2021-09-09,162.74128251226097
2021-09-13,193.25677348587348
2021-09-17,268.09743436865637
2021-09-21,199.84770744645306
2021-09-25,536.8896776540028
2021-09-29,259.0757631362304
2021-10-03,455.1932267980673
2021-10-07,143.48518160620907
2021-10-11,210.17733464620517
2021-10-15,142.7802515610292
2021-10-19,158.19256879413498
2021-10-23,418.91685967734446
2021-10-27,179.77799051044946
2021-10-31,376.77934238917
2021-11-04,240.65694922760582
2021-11-08,161.95923403653634
2021-11-12,192.19035174901714
2021-11-16,108.45709316517772
2021-11-20,391.0521548451368
2021-11-24,189.28883852721745
2021-11-28,576.3027538824991
2021-12-02,139.1493887832433
2021-12-06,126.15407226317132
2021-12-10,192.91732277878475
2021-12-15,250.3662575391698
2021-12-19,743.0511839152442
2021-12-25,177.16814013397385
2021-12-29,140.57984565941447
2022-01-02,616.9006858245615
2022-01-06,136.02465274212352
2022-01-10,184.70966104919253
2022-01-14,202.275910481263
2022-01-18,231.66409145220769
2022-01-22,126.10158036832927
2022-01-26,147.63628119726178
2022-01-30,111.33681720416536
2022-02-03,183.9120620635508
2022-02-07,154.492736513052
2022-02-11,127.20382029542677
2022-02-15,140.7394408801042
2022-02-19,468.4751532050226
2022-02-23,234.4734502334447
2022-02-27,387.4456823199954
2022-03-03,176.28078138681278
2022-03-07,158.49967302618202
2022-03-11,139.91287505819534
2022-03-15,211.24201031159816
2022-03-19,359.4555694674486
2022-03-23,204.79295291768844
2022-03-27,217.71751527517264
2022-03-31,112.05621826047067
2022-04-04,179.95055544874154
2022-04-08,249.6581631989128
2022-04-12,214.69172901922295
2022-04-16,432.679431054787
2022-04-20,146.04416794316853
2022-04-24,431.230772512429
2022-04-28,159.45609058229243
2022-05-02,155.97245563862018
2022-05-06,106.18122317128424
2022-05-10,53.64811485161399
2022-05-14,127.17574139509993
2022-05-18,116.9008439531537
2022-05-22,341.11485110233116
2022-05-26,138.15080851936068
2022-05-30,169.58419981761128
2022-06-03,132.96922522768935
2022-06-07,139.51595220469642
2022-06-11,200.64147039937333
2022-06-15,43.39003272783509
2022-06-19,127.35923287787767
2022-06-23,130.5491600074124
2022-06-27,85.429415598839
2022-07-01,81.18375885915368
2022-07-05,173.1858029900374
2022-07-09,185.8198993220532
2022-07-13,161.47589727329648
2022-07-17,208.9965871587351
2022-07-21,67.5890439970488
2022-07-25,183.3737816648467
2022-07-29,147.10409109533757
2022-08-02,182.4520915019038
2022-08-06,510.019222272006
2022-08-10,127.6663240136879
2022-08-14,473.03673323485685
2022-08-18,183.68762266361804
2022-08-22,172.39600543065058
2022-08-26,171.29311526859095
2022-08-30,122.85004190417222
2022-09-03,430.79348594874364
2022-09-07,145.32891672364596
2022-09-11,396.2455817562386
2022-09-15,180.25014534051365
2022-09-19,126.12928529972791
2022-09-23,151.36117719428128
2022-09-27,115.11717346792709
2022-10-01,327.66084529866475
2022-10-05,138.5424352858073
2022-10-09,531.620502169107
2022-10-13,154.69250730388492
2022-10-17,183.56498964954
2022-10-21,236.36864039887678
2022-10-25,189.96050250304387
2022-10-29,291.2773022233167
2022-11-02,162.15082180222925
2022-11-06,267.9836483252525
2022-11-10,61.799423720179846
2022-11-14,77.61938117046
2022-11-18,49.98770691823527
2022-11-22,117.66086449702662
2022-11-26,261.70227607821386
2022-11-30,155.30684625533863
2022-12-04,406.9308791501794
2022-12-08,171.37467268703222
2022-12-12,187.21475806808184
2022-12-16,142.14507137044626
2022-12-20,157.910135417766
2022-12-24,315.48001376719435
2022-12-28,165.22273750960545
2023-01-01,332.8560366885687
2023-01-05,153.28711004312694
2023-01-09,187.50246917722214
2023-01-13,155.3608438120498
2023-01-17,152.22650898109652
2023-01-21,179.39487554576394
2023-01-25,148.98372156439524
2023-01-29,455.3743824161315
2023-02-02,192.79715057444608
2023-02-06,231.10575461805755
2023-02-10,147.78112042229114
2023-02-14,167.70258247298003
2023-02-18,345.14325108356263
2023-02-22,183.77482408399783
2023-02-26,548.1387305233133
2023-03-02,217.16358337439738
2023-03-06,199.06534393289311
2023-03-10,124.2730426707015
2023-03-14,92.46150831078617
2023-03-18,234.0150543193387
2023-03-22,129.31451197371965
2023-03-26,550.9617595564298
2023-03-30,99.54938954385635
2023-04-03,221.86291279161554
2023-04-07,325.7131081889247
2023-04-11,105.64109338942116
2023-04-15,401.362548968596
2023-04-19,198.5421277880855
2023-04-23,470.4619855630664
2023-04-27,206.72982658170136
2023-05-01,211.11855032296685
2023-05-05,227.96968758157368
2023-05-09,234.71084462622193
2023-05-13,524.5498921638207
2023-05-17,215.30293609582031
2023-05-21,655.633830854338
2023-05-25,152.19135931235894
2023-05-29,209.8939015477122
2023-06-02,170.1960330826548
2023-06-06,171.26003616249338
2023-06-10,218.22658683448816
2023-06-14,148.10057414659417
2023-06-18,262.2031760160248
2023-06-22,129.8575173076024
2023-06-26,167.0739733906259
2023-06-30,112.66486978610618
2023-07-04,193.81168613387877
2023-07-08,339.68434077880744
2023-07-12,151.85446507228986
2023-07-17,178.70922951422443
2023-07-21,173.89056312254036
2023-07-25,216.66444289229713
2023-07-29,356.32836101048827
2023-08-02,164.1630970413396
2023-08-06,461.17328809667947
2023-08-10,180.15758760114898
2023-08-14,173.30556356920016
2023-08-18,128.62702818779877
2023-08-22,180.25061178645367
2023-08-26,471.7221049958477
2023-08-30,149.0030480527
2023-09-03,480.82693108866704
2023-09-07,232.40479000461664
2023-09-11,210.59485931580372
2023-09-15,198.44384499704228
2023-09-19,207.54264953953776
2023-09-23,336.7550058399344
2023-09-27,197.73630161132542
2023-10-01,405.0775108944657
2023-10-05,203.91456673562413
2023-10-09,249.42506756912294
2023-10-13,216.289238576772
2023-10-17,129.8210198721706
2023-10-21,338.8254504180658
2023-10-25,124.46250799116396
2023-10-29,391.08613009447816
2023-11-02,153.74351993816322
2023-11-06,192.77650226856687
2023-11-10,131.26861111359267
2023-11-15,180.25719077738867
2023-11-19,480.50475839030435
2023-11-23,192.5805298778023
2023-11-27,131.7773520663106
2023-12-01,137.49861106833265
2023-12-05,116.10111670918303
2023-12-09,272.88978186828376
2023-12-13,221.3886592545687
2023-12-17,354.3437525874092
2023-12-21,199.32944754609014
2023-12-25,313.8401597978625
2023-12-29,109.19510441196671
2024-01-02,133.62513487426284
2024-01-06,244.8511421538681
2024-01-10,107.04412516496481
2024-01-14,303.3621630028673
2024-01-18,87.39307982035898
2024-01-22,82.64963229437896
2024-01-26,84.13684914192746
2024-01-30,80.8880211262548
2024-02-03,426.94488799980104
2024-02-07,148.60492445899064
2024-02-11,275.3656715888842
2024-02-15,106.91603595979936
2024-02-19,210.855492658874
2024-02-23,126.32630484905886
2024-02-27,91.01954069976469
2024-03-02,348.7011186852454
2024-03-06,66.26482446385917
2024-03-10,235.11102678325662
2024-03-14,85.6820713241467
2024-03-18,111.63704034673992
2024-03-22,100.60136489723837
2024-03-26,89.23910231935723
2024-03-30,279.6484570658811
2024-04-03,112.70390350742902
2024-04-07,272.4329498532872
2024-04-11,161.02041405524378
2024-04-15,107.94791782459245
2024-04-19,132.41797615136122
2024-04-23,179.89363778490878
2024-04-27,383.9121748332344
2024-05-01,131.2161835923719
2024-05-05,782.0338613627356
2024-05-09,266.8797873722388
2024-05-13,215.08303291496193
2024-05-17,168.3427129222427
2024-05-21,125.24700705823568
2024-05-25,676.9191733895876
2024-05-29,208.45718669136284
2024-06-02,815.1709563845077
2024-06-06,184.38493503257155
2024-06-10,193.61948974257763
2024-06-14,167.78115401585777
2024-06-18,157.64529491123722
2024-06-22,232.82986765722305
2024-06-26,183.29072902418358
2024-07-01,171.18619791608012
2024-07-05,65.52047719058636
2024-07-09,144.44186897798576
2024-07-13,423.82831336777895
2024-07-17,163.64074878263756
2024-07-21,536.8891432319193
2024-07-25,164.82171245406334
2024-07-29,133.2450887589943
2024-08-02,123.74133223066816
2024-08-06,162.47131822262583
2024-08-10,313.3340666509269
2024-08-14,166.19505479710085
2024-08-18,630.1160897670852
2024-08-22,206.3036309386521
2024-08-26,203.79472593901107
2024-08-30,158.97737359528
2024-09-03,189.3148178840854
2024-09-07,702.848594290485
2024-09-11,226.95471226885576
2024-09-15,750.0224373216014
2024-09-19,150.91935951391466
2024-09-23,178.7509267886353
2024-09-27,151.91475734594542
2024-10-01,147.47852429206563
2024-10-05,448.9986566305281
2024-10-09,178.2685816705378
2024-10-13,776.6491538375292
2024-10-17,152.46889289700306
2024-10-21,153.644151260419
2024-10-25,160.35936331877645
2024-10-29,101.7434833272669
2024-11-02,588.7918623773542
2024-11-06,90.05746198093289
2024-11-10,180.63347984131474
2024-11-14,71.3208824612781
2024-11-19,101.9238656404779
2024-11-23,171.49013151565862
2024-11-27,151.288088332644
2024-12-01,462.64476125256516
2024-12-05,86.16282726864718
2024-12-09,114.10868497296703
2024-12-13,113.58623308015542
2024-12-17,130.98743690878746
2024-12-21,279.3174002444363
2024-12-25,359.476671506736
2024-12-29,353.9904945926136
2025-01-02,313.9245871513911
2025-01-06,188.78648072365812
2025-01-10,228.17955483212558
2025-01-14,225.68473516501533
2025-01-18,383.7657379663063
2025-01-22,151.45953748279732
2025-01-26,732.0594435130917
2025-01-30,281.1392553748505
2025-02-03,111.78553243721501
2025-02-07,219.50108673469964
2025-02-11,200.3936458559718
2025-02-15,682.5786242323585
2025-02-19,240.18682956057054
2025-02-23,457.9239115247406
2025-02-27,128.73507682497404
2025-03-03,131.08085003771123
2025-03-07,169.750630440892
2025-03-11,155.4461433372892
2025-03-15,826.2365213479211
2025-03-19,235.0810348378981
2025-03-23,950.8767987434425
2025-03-27,229.93329417672706
2025-03-31,166.6121724119591
2025-04-04,189.35538140271584
2025-04-08,192.09366996612798
2025-04-12,528.980124058926
2025-04-16,184.69835373600526
2025-04-20,756.7746109907158
2025-04-24,132.76901429669266
2025-04-28,163.65971662842844
2025-05-02,185.5428696193198
2025-05-06,198.10793802944622
2025-05-10,570.447237746134
2025-05-14,223.97198785664042
2025-05-18,492.4122355058614
2025-05-22,138.05577721138695
2025-05-26,235.80681660229408
2025-05-30,171.6469507403452
2025-06-03,183.26103482301247
2025-06-07,571.1408353569225
2025-06-11,247.58589941938072
2025-06-15,664.6386311147176
2025-06-19,396.10631459612466
2025-06-23,217.55036823521968
2025-06-28,639.8571198570938
2025-07-02,220.3654755930623
2025-07-06,760.1986972890743
2025-07-10,198.79968503005924
2025-07-14,84.02055335305896
2025-07-18,137.50581491385205
2025-07-22,168.58208058720308
2025-07-26,472.8361860478384
2025-07-30,223.13082415483987
2025-08-03,606.0170004100722
2025-08-07,260.41618388972813
2025-08-11,201.68535974587934
2025-08-15,166.6005357893792
2025-08-19,155.6171404901842
2025-08-23,283.32756241866645
2025-08-27,214.51501934111573
2025-08-31,466.28539968939435
2025-09-04,204.73818351072168
2025-09-08,291.4672128146894
2025-09-12,167.1936463055931
2025-09-16,211.25137042303194
2025-09-20,354.4298595113327
2025-09-24,204.71754021859016
2025-09-28,493.0341688115403
2025-10-02,129.85985746461083
2025-10-06,147.43420453671922
2025-10-10,147.4602169909086
2025-10-14,115.39844730713557
2025-10-18,403.15127329390214
2025-10-22,140.66378766535985
2025-10-26,333.61612498045514
2025-10-30,148.4174363441669
2025-11-03,148.64284396011504
2025-11-07,96.12183730858264
2025-11-11,187.5679472492805
2025-11-15,337.6400923674921
2025-11-19,104.27943850358177
2025-11-23,96.53920462937295
2025-11-27,201.11114206829672
2025-12-01,128.4872821996157
2025-12-05,173.3135400339236
2025-12-09,191.0541089530004
2025-12-13,448.3703382573613
2025-12-17,137.55469013700198
2025-12-21,701.6463893763619
2025-12-25,575.8835602757356
2025-12-29,96.73475176755595
2026-01-02,200.2799955050366
2026-01-06,168.1510326908104
2026-01-10,222.34389067290905
2026-01-14,148.4408439712383
2026-01-18,800.0924511047507
2026-01-22,168.9946577304994
2026-01-26,229.76989810635575
2026-01-30,113.11775098549893
2026-02-03,113.34148515056047
2026-02-07,225.7639022392927
2026-02-11,157.68825270812843
2026-02-15,710.952533083864
2026-02-19,239.02950085269165
2026-02-23,215.35038780596412
2026-02-27,227.17485780688713
2026-03-03,169.33302803237143
2026-03-07,662.4838846221884
2026-03-11,175.1183929498777
2026-03-15,413.5110512444867
2026-03-19,244.68469278685293
2026-03-23,222.77691410690218
2026-03-27,153.1198975475509
2026-03-31,186.47556746365706
2026-04-04,932.9720629029513
2026-04-08,239.65028007777877
2026-04-12,897.5161509251463
2026-04-16,220.16965806070527
2026-04-20,134.7045458519192
2026-04-24,143.7412411279773
2026-04-28,222.12191741596476
2026-05-02,750.8928347660878
2026-05-06,210.99523096893435
2026-05-10,992.3559367575228
2026-05-14,213.7800081126425
2026-05-18,207.80553638141038
2026-05-22,263.75103605097655
